country,scenario_name,shock_multiplier,density_label,interbank_liability_scale,x,y,n,spearman_rho
Brazil,acute_physical_risk,0.75,p30,1.0,firm_exposure_to_capital,target_loss_to_capital_ratio,360,0.15571437753742914
Brazil,acute_physical_risk,0.75,p30,1.0,shock_weighted_exposure_to_capital,target_loss_to_capital_ratio,360,0.494066216256741
Brazil,acute_physical_risk,1.0,p30,1.0,firm_exposure_to_capital,target_loss_to_capital_ratio,360,0.23845225357213504
Brazil,acute_physical_risk,1.0,p30,1.0,shock_weighted_exposure_to_capital,target_loss_to_capital_ratio,360,0.6216088929805722
Brazil,acute_physical_risk,1.25,p30,1.0,firm_exposure_to_capital,target_loss_to_capital_ratio,360,0.2882105750115173
Brazil,acute_physical_risk,1.25,p30,1.0,shock_weighted_exposure_to_capital,target_loss_to_capital_ratio,360,0.7086609347418559
Brazil,acute_physical_risk,1.5,p30,1.0,firm_exposure_to_capital,target_loss_to_capital_ratio,360,0.32415042513744635
Brazil,acute_physical_risk,1.5,p30,1.0,shock_weighted_exposure_to_capital,target_loss_to_capital_ratio,360,0.7579548265139172
Brazil,combined_transition_physical,0.75,p30,1.0,firm_exposure_to_capital,target_loss_to_capital_ratio,360,0.6750990073863895
Brazil,combined_transition_physical,0.75,p30,1.0,shock_weighted_exposure_to_capital,target_loss_to_capital_ratio,360,0.7561507394289194
Brazil,combined_transition_physical,1.0,p30,1.0,firm_exposure_to_capital,target_loss_to_capital_ratio,360,0.7790743485079858
Brazil,combined_transition_physical,1.0,p30,1.0,shock_weighted_exposure_to_capital,target_loss_to_capital_ratio,360,0.8746718001085289
Brazil,combined_transition_physical,1.25,p30,1.0,firm_exposure_to_capital,target_loss_to_capital_ratio,360,0.8420743987222123
Brazil,combined_transition_physical,1.25,p30,1.0,shock_weighted_exposure_to_capital,target_loss_to_capital_ratio,360,0.9440312039444748
Brazil,combined_transition_physical,1.5,p30,1.0,firm_exposure_to_capital,target_loss_to_capital_ratio,360,0.8709015244459191
Brazil,combined_transition_physical,1.5,p30,1.0,shock_weighted_exposure_to_capital,target_loss_to_capital_ratio,360,0.9712554366417436
Brazil,disorderly_transition,0.75,p30,1.0,firm_exposure_to_capital,target_loss_to_capital_ratio,360,0.5154435228482103
Brazil,disorderly_transition,0.75,p30,1.0,shock_weighted_exposure_to_capital,target_loss_to_capital_ratio,360,0.6406093641819525
Brazil,disorderly_transition,1.0,p30,1.0,firm_exposure_to_capital,target_loss_to_capital_ratio,360,0.5958422462228388
Brazil,disorderly_transition,1.0,p30,1.0,shock_weighted_exposure_to_capital,target_loss_to_capital_ratio,360,0.733309391575435
Brazil,disorderly_transition,1.25,p30,1.0,firm_exposure_to_capital,target_loss_to_capital_ratio,360,0.6624148735812562
Brazil,disorderly_transition,1.25,p30,1.0,shock_weighted_exposure_to_capital,target_loss_to_capital_ratio,360,0.8247455772201446
Brazil,disorderly_transition,1.5,p30,1.0,firm_exposure_to_capital,target_loss_to_capital_ratio,360,0.7134748154869275
Brazil,disorderly_transition,1.5,p30,1.0,shock_weighted_exposure_to_capital,target_loss_to_capital_ratio,360,0.8840864824115484
Brazil,orderly_transition,0.75,p30,1.0,firm_exposure_to_capital,target_loss_to_capital_ratio,360,0.3430396727557177
Brazil,orderly_transition,0.75,p30,1.0,shock_weighted_exposure_to_capital,target_loss_to_capital_ratio,360,0.41043502288265377
Brazil,orderly_transition,1.0,p30,1.0,firm_exposure_to_capital,target_loss_to_capital_ratio,360,0.4189804095674878
Brazil,orderly_transition,1.0,p30,1.0,shock_weighted_exposure_to_capital,target_loss_to_capital_ratio,360,0.5130346635241826
Brazil,orderly_transition,1.25,p30,1.0,firm_exposure_to_capital,target_loss_to_capital_ratio,360,0.47875182955853995
Brazil,orderly_transition,1.25,p30,1.0,shock_weighted_exposure_to_capital,target_loss_to_capital_ratio,360,0.5915470071998947
Brazil,orderly_transition,1.5,p30,1.0,firm_exposure_to_capital,target_loss_to_capital_ratio,360,0.5336229075492599
Brazil,orderly_transition,1.5,p30,1.0,shock_weighted_exposure_to_capital,target_loss_to_capital_ratio,360,0.652989862817791
Brazil,severe_disorderly_transition,0.75,p30,1.0,firm_exposure_to_capital,target_loss_to_capital_ratio,360,0.6259641862444393
Brazil,severe_disorderly_transition,0.75,p30,1.0,shock_weighted_exposure_to_capital,target_loss_to_capital_ratio,360,0.7761440523635984
Brazil,severe_disorderly_transition,1.0,p30,1.0,firm_exposure_to_capital,target_loss_to_capital_ratio,360,0.706274399382867
Brazil,severe_disorderly_transition,1.0,p30,1.0,shock_weighted_exposure_to_capital,target_loss_to_capital_ratio,360,0.879424151898303
Brazil,severe_disorderly_transition,1.25,p30,1.0,firm_exposure_to_capital,target_loss_to_capital_ratio,360,0.759108995182576
Brazil,severe_disorderly_transition,1.25,p30,1.0,shock_weighted_exposure_to_capital,target_loss_to_capital_ratio,360,0.9332888371052245
Brazil,severe_disorderly_transition,1.5,p30,1.0,firm_exposure_to_capital,target_loss_to_capital_ratio,360,0.7860948001141983
Brazil,severe_disorderly_transition,1.5,p30,1.0,shock_weighted_exposure_to_capital,target_loss_to_capital_ratio,360,0.9564729151716704
Germany,acute_physical_risk,0.75,p30,1.0,firm_exposure_to_capital,target_loss_to_capital_ratio,360,0.41808483085135917
Germany,acute_physical_risk,0.75,p30,1.0,shock_weighted_exposure_to_capital,target_loss_to_capital_ratio,360,0.6211526951704427
Germany,acute_physical_risk,1.0,p30,1.0,firm_exposure_to_capital,target_loss_to_capital_ratio,360,0.5212445054874395
Germany,acute_physical_risk,1.0,p30,1.0,shock_weighted_exposure_to_capital,target_loss_to_capital_ratio,360,0.7416806199636313
Germany,acute_physical_risk,1.25,p30,1.0,firm_exposure_to_capital,target_loss_to_capital_ratio,360,0.6012528388850736
Germany,acute_physical_risk,1.25,p30,1.0,shock_weighted_exposure_to_capital,target_loss_to_capital_ratio,360,0.8274930104913361
Germany,acute_physical_risk,1.5,p30,1.0,firm_exposure_to_capital,target_loss_to_capital_ratio,360,0.6644516289991949
Germany,acute_physical_risk,1.5,p30,1.0,shock_weighted_exposure_to_capital,target_loss_to_capital_ratio,360,0.8841253919140323
Germany,combined_transition_physical,0.75,p30,1.0,firm_exposure_to_capital,target_loss_to_capital_ratio,360,0.7885711566704475
Germany,combined_transition_physical,0.75,p30,1.0,shock_weighted_exposure_to_capital,target_loss_to_capital_ratio,360,0.8574919559564501
Germany,combined_transition_physical,1.0,p30,1.0,firm_exposure_to_capital,target_loss_to_capital_ratio,360,0.8814077783521991
Germany,combined_transition_physical,1.0,p30,1.0,shock_weighted_exposure_to_capital,target_loss_to_capital_ratio,360,0.9526485543869937
Germany,combined_transition_physical,1.25,p30,1.0,firm_exposure_to_capital,target_loss_to_capital_ratio,360,0.9101219916820344
Germany,combined_transition_physical,1.25,p30,1.0,shock_weighted_exposure_to_capital,target_loss_to_capital_ratio,360,0.9781441214824187
Germany,combined_transition_physical,1.5,p30,1.0,firm_exposure_to_capital,target_loss_to_capital_ratio,360,0.9212056677392059
Germany,combined_transition_physical,1.5,p30,1.0,shock_weighted_exposure_to_capital,target_loss_to_capital_ratio,360,0.985010686810855
Germany,disorderly_transition,0.75,p30,1.0,firm_exposure_to_capital,target_loss_to_capital_ratio,360,0.5154435228482103
Germany,disorderly_transition,0.75,p30,1.0,shock_weighted_exposure_to_capital,target_loss_to_capital_ratio,360,0.6406093641819525
Germany,disorderly_transition,1.0,p30,1.0,firm_exposure_to_capital,target_loss_to_capital_ratio,360,0.5958422462228388
Germany,disorderly_transition,1.0,p30,1.0,shock_weighted_exposure_to_capital,target_loss_to_capital_ratio,360,0.733309391575435
Germany,disorderly_transition,1.25,p30,1.0,firm_exposure_to_capital,target_loss_to_capital_ratio,360,0.6624148735812562
Germany,disorderly_transition,1.25,p30,1.0,shock_weighted_exposure_to_capital,target_loss_to_capital_ratio,360,0.8247455772201446
Germany,disorderly_transition,1.5,p30,1.0,firm_exposure_to_capital,target_loss_to_capital_ratio,360,0.7134748154869275
Germany,disorderly_transition,1.5,p30,1.0,shock_weighted_exposure_to_capital,target_loss_to_capital_ratio,360,0.8840864824115484
Germany,orderly_transition,0.75,p30,1.0,firm_exposure_to_capital,target_loss_to_capital_ratio,360,0.3430396727557177
Germany,orderly_transition,0.75,p30,1.0,shock_weighted_exposure_to_capital,target_loss_to_capital_ratio,360,0.41043502288265377
Germany,orderly_transition,1.0,p30,1.0,firm_exposure_to_capital,target_loss_to_capital_ratio,360,0.4189804095674878
Germany,orderly_transition,1.0,p30,1.0,shock_weighted_exposure_to_capital,target_loss_to_capital_ratio,360,0.5130346635241826
Germany,orderly_transition,1.25,p30,1.0,firm_exposure_to_capital,target_loss_to_capital_ratio,360,0.47875182955853995
Germany,orderly_transition,1.25,p30,1.0,shock_weighted_exposure_to_capital,target_loss_to_capital_ratio,360,0.5915470071998947
Germany,orderly_transition,1.5,p30,1.0,firm_exposure_to_capital,target_loss_to_capital_ratio,360,0.5336229075492599
Germany,orderly_transition,1.5,p30,1.0,shock_weighted_exposure_to_capital,target_loss_to_capital_ratio,360,0.652989862817791
Germany,severe_disorderly_transition,0.75,p30,1.0,firm_exposure_to_capital,target_loss_to_capital_ratio,360,0.6259641862444393
Germany,severe_disorderly_transition,0.75,p30,1.0,shock_weighted_exposure_to_capital,target_loss_to_capital_ratio,360,0.7761440523635984
Germany,severe_disorderly_transition,1.0,p30,1.0,firm_exposure_to_capital,target_loss_to_capital_ratio,360,0.706274399382867
Germany,severe_disorderly_transition,1.0,p30,1.0,shock_weighted_exposure_to_capital,target_loss_to_capital_ratio,360,0.879424151898303
Germany,severe_disorderly_transition,1.25,p30,1.0,firm_exposure_to_capital,target_loss_to_capital_ratio,360,0.759108995182576
Germany,severe_disorderly_transition,1.25,p30,1.0,shock_weighted_exposure_to_capital,target_loss_to_capital_ratio,360,0.9332888371052245
Germany,severe_disorderly_transition,1.5,p30,1.0,firm_exposure_to_capital,target_loss_to_capital_ratio,360,0.7860948001141983
Germany,severe_disorderly_transition,1.5,p30,1.0,shock_weighted_exposure_to_capital,target_loss_to_capital_ratio,360,0.9564729151716704
Italy,acute_physical_risk,0.75,p30,1.0,firm_exposure_to_capital,target_loss_to_capital_ratio,360,0.17825777697535647
Italy,acute_physical_risk,0.75,p30,1.0,shock_weighted_exposure_to_capital,target_loss_to_capital_ratio,360,0.3271937664252762
Italy,acute_physical_risk,1.0,p30,1.0,firm_exposure_to_capital,target_loss_to_capital_ratio,360,0.31117303940859653
Italy,acute_physical_risk,1.0,p30,1.0,shock_weighted_exposure_to_capital,target_loss_to_capital_ratio,360,0.49638350010158616
Italy,acute_physical_risk,1.25,p30,1.0,firm_exposure_to_capital,target_loss_to_capital_ratio,360,0.3979339378010177
Italy,acute_physical_risk,1.25,p30,1.0,shock_weighted_exposure_to_capital,target_loss_to_capital_ratio,360,0.6015940516975767
Italy,acute_physical_risk,1.5,p30,1.0,firm_exposure_to_capital,target_loss_to_capital_ratio,360,0.4502486519301094
Italy,acute_physical_risk,1.5,p30,1.0,shock_weighted_exposure_to_capital,target_loss_to_capital_ratio,360,0.6713648399618203
Italy,combined_transition_physical,0.75,p30,1.0,firm_exposure_to_capital,target_loss_to_capital_ratio,360,0.6887145962326574
Italy,combined_transition_physical,0.75,p30,1.0,shock_weighted_exposure_to_capital,target_loss_to_capital_ratio,360,0.7486381707261802
Italy,combined_transition_physical,1.0,p30,1.0,firm_exposure_to_capital,target_loss_to_capital_ratio,360,0.8125483743797149
Italy,combined_transition_physical,1.0,p30,1.0,shock_weighted_exposure_to_capital,target_loss_to_capital_ratio,360,0.8833048405276319
Italy,combined_transition_physical,1.25,p30,1.0,firm_exposure_to_capital,target_loss_to_capital_ratio,360,0.8744622515091421
Italy,combined_transition_physical,1.25,p30,1.0,shock_weighted_exposure_to_capital,target_loss_to_capital_ratio,360,0.9496557329403261
Italy,combined_transition_physical,1.5,p30,1.0,firm_exposure_to_capital,target_loss_to_capital_ratio,360,0.9005318971082596
Italy,combined_transition_physical,1.5,p30,1.0,shock_weighted_exposure_to_capital,target_loss_to_capital_ratio,360,0.9751446127413534
Italy,disorderly_transition,0.75,p30,1.0,firm_exposure_to_capital,target_loss_to_capital_ratio,360,0.5154435228482103
Italy,disorderly_transition,0.75,p30,1.0,shock_weighted_exposure_to_capital,target_loss_to_capital_ratio,360,0.6406093641819525
Italy,disorderly_transition,1.0,p30,1.0,firm_exposure_to_capital,target_loss_to_capital_ratio,360,0.5958422462228388
Italy,disorderly_transition,1.0,p30,1.0,shock_weighted_exposure_to_capital,target_loss_to_capital_ratio,360,0.733309391575435
Italy,disorderly_transition,1.25,p30,1.0,firm_exposure_to_capital,target_loss_to_capital_ratio,360,0.6624148735812562
Italy,disorderly_transition,1.25,p30,1.0,shock_weighted_exposure_to_capital,target_loss_to_capital_ratio,360,0.8247455772201446
Italy,disorderly_transition,1.5,p30,1.0,firm_exposure_to_capital,target_loss_to_capital_ratio,360,0.7134748154869275
Italy,disorderly_transition,1.5,p30,1.0,shock_weighted_exposure_to_capital,target_loss_to_capital_ratio,360,0.8840864824115484
Italy,orderly_transition,0.75,p30,1.0,firm_exposure_to_capital,target_loss_to_capital_ratio,360,0.3430396727557177
Italy,orderly_transition,0.75,p30,1.0,shock_weighted_exposure_to_capital,target_loss_to_capital_ratio,360,0.41043502288265377
Italy,orderly_transition,1.0,p30,1.0,firm_exposure_to_capital,target_loss_to_capital_ratio,360,0.4189804095674878
Italy,orderly_transition,1.0,p30,1.0,shock_weighted_exposure_to_capital,target_loss_to_capital_ratio,360,0.5130346635241826
Italy,orderly_transition,1.25,p30,1.0,firm_exposure_to_capital,target_loss_to_capital_ratio,360,0.47875182955853995
Italy,orderly_transition,1.25,p30,1.0,shock_weighted_exposure_to_capital,target_loss_to_capital_ratio,360,0.5915470071998947
Italy,orderly_transition,1.5,p30,1.0,firm_exposure_to_capital,target_loss_to_capital_ratio,360,0.5336229075492599
Italy,orderly_transition,1.5,p30,1.0,shock_weighted_exposure_to_capital,target_loss_to_capital_ratio,360,0.652989862817791
Italy,severe_disorderly_transition,0.75,p30,1.0,firm_exposure_to_capital,target_loss_to_capital_ratio,360,0.6259641862444393
Italy,severe_disorderly_transition,0.75,p30,1.0,shock_weighted_exposure_to_capital,target_loss_to_capital_ratio,360,0.7761440523635984
Italy,severe_disorderly_transition,1.0,p30,1.0,firm_exposure_to_capital,target_loss_to_capital_ratio,360,0.706274399382867
Italy,severe_disorderly_transition,1.0,p30,1.0,shock_weighted_exposure_to_capital,target_loss_to_capital_ratio,360,0.879424151898303
Italy,severe_disorderly_transition,1.25,p30,1.0,firm_exposure_to_capital,target_loss_to_capital_ratio,360,0.759108995182576
Italy,severe_disorderly_transition,1.25,p30,1.0,shock_weighted_exposure_to_capital,target_loss_to_capital_ratio,360,0.9332888371052245
Italy,severe_disorderly_transition,1.5,p30,1.0,firm_exposure_to_capital,target_loss_to_capital_ratio,360,0.7860948001141983
Italy,severe_disorderly_transition,1.5,p30,1.0,shock_weighted_exposure_to_capital,target_loss_to_capital_ratio,360,0.9564729151716704
Spain,acute_physical_risk,0.75,p30,1.0,firm_exposure_to_capital,target_loss_to_capital_ratio,360,0.2921837534184689
Spain,acute_physical_risk,0.75,p30,1.0,shock_weighted_exposure_to_capital,target_loss_to_capital_ratio,360,0.5907019974998313
Spain,acute_physical_risk,1.0,p30,1.0,firm_exposure_to_capital,target_loss_to_capital_ratio,360,0.390613861870068
Spain,acute_physical_risk,1.0,p30,1.0,shock_weighted_exposure_to_capital,target_loss_to_capital_ratio,360,0.7264240248923335
Spain,acute_physical_risk,1.25,p30,1.0,firm_exposure_to_capital,target_loss_to_capital_ratio,360,0.43990205685743455
Spain,acute_physical_risk,1.25,p30,1.0,shock_weighted_exposure_to_capital,target_loss_to_capital_ratio,360,0.791795204181102
Spain,acute_physical_risk,1.5,p30,1.0,firm_exposure_to_capital,target_loss_to_capital_ratio,360,0.4828987877992886
Spain,acute_physical_risk,1.5,p30,1.0,shock_weighted_exposure_to_capital,target_loss_to_capital_ratio,360,0.8327932057088918
Spain,combined_transition_physical,0.75,p30,1.0,firm_exposure_to_capital,target_loss_to_capital_ratio,360,0.7319150309747153
Spain,combined_transition_physical,0.75,p30,1.0,shock_weighted_exposure_to_capital,target_loss_to_capital_ratio,360,0.8114515294261244
Spain,combined_transition_physical,1.0,p30,1.0,firm_exposure_to_capital,target_loss_to_capital_ratio,360,0.8386180963330477
Spain,combined_transition_physical,1.0,p30,1.0,shock_weighted_exposure_to_capital,target_loss_to_capital_ratio,360,0.9253006067433647
Spain,combined_transition_physical,1.25,p30,1.0,firm_exposure_to_capital,target_loss_to_capital_ratio,360,0.8865850302342868
Spain,combined_transition_physical,1.25,p30,1.0,shock_weighted_exposure_to_capital,target_loss_to_capital_ratio,360,0.9698536768545024
Spain,combined_transition_physical,1.5,p30,1.0,firm_exposure_to_capital,target_loss_to_capital_ratio,360,0.9041733861115183
Spain,combined_transition_physical,1.5,p30,1.0,shock_weighted_exposure_to_capital,target_loss_to_capital_ratio,360,0.9832097469887886
Spain,disorderly_transition,0.75,p30,1.0,firm_exposure_to_capital,target_loss_to_capital_ratio,360,0.5154435228482103
Spain,disorderly_transition,0.75,p30,1.0,shock_weighted_exposure_to_capital,target_loss_to_capital_ratio,360,0.6406093641819525
Spain,disorderly_transition,1.0,p30,1.0,firm_exposure_to_capital,target_loss_to_capital_ratio,360,0.5958422462228388
Spain,disorderly_transition,1.0,p30,1.0,shock_weighted_exposure_to_capital,target_loss_to_capital_ratio,360,0.733309391575435
Spain,disorderly_transition,1.25,p30,1.0,firm_exposure_to_capital,target_loss_to_capital_ratio,360,0.6624148735812562
Spain,disorderly_transition,1.25,p30,1.0,shock_weighted_exposure_to_capital,target_loss_to_capital_ratio,360,0.8247455772201446
Spain,disorderly_transition,1.5,p30,1.0,firm_exposure_to_capital,target_loss_to_capital_ratio,360,0.7134748154869275
Spain,disorderly_transition,1.5,p30,1.0,shock_weighted_exposure_to_capital,target_loss_to_capital_ratio,360,0.8840864824115484
Spain,orderly_transition,0.75,p30,1.0,firm_exposure_to_capital,target_loss_to_capital_ratio,360,0.3430396727557177
Spain,orderly_transition,0.75,p30,1.0,shock_weighted_exposure_to_capital,target_loss_to_capital_ratio,360,0.41043502288265377
Spain,orderly_transition,1.0,p30,1.0,firm_exposure_to_capital,target_loss_to_capital_ratio,360,0.4189804095674878
Spain,orderly_transition,1.0,p30,1.0,shock_weighted_exposure_to_capital,target_loss_to_capital_ratio,360,0.5130346635241826
Spain,orderly_transition,1.25,p30,1.0,firm_exposure_to_capital,target_loss_to_capital_ratio,360,0.47875182955853995
Spain,orderly_transition,1.25,p30,1.0,shock_weighted_exposure_to_capital,target_loss_to_capital_ratio,360,0.5915470071998947
Spain,orderly_transition,1.5,p30,1.0,firm_exposure_to_capital,target_loss_to_capital_ratio,360,0.5336229075492599
Spain,orderly_transition,1.5,p30,1.0,shock_weighted_exposure_to_capital,target_loss_to_capital_ratio,360,0.652989862817791
Spain,severe_disorderly_transition,0.75,p30,1.0,firm_exposure_to_capital,target_loss_to_capital_ratio,360,0.6259641862444393
Spain,severe_disorderly_transition,0.75,p30,1.0,shock_weighted_exposure_to_capital,target_loss_to_capital_ratio,360,0.7761440523635984
Spain,severe_disorderly_transition,1.0,p30,1.0,firm_exposure_to_capital,target_loss_to_capital_ratio,360,0.706274399382867
Spain,severe_disorderly_transition,1.0,p30,1.0,shock_weighted_exposure_to_capital,target_loss_to_capital_ratio,360,0.879424151898303
Spain,severe_disorderly_transition,1.25,p30,1.0,firm_exposure_to_capital,target_loss_to_capital_ratio,360,0.759108995182576
Spain,severe_disorderly_transition,1.25,p30,1.0,shock_weighted_exposure_to_capital,target_loss_to_capital_ratio,360,0.9332888371052245
Spain,severe_disorderly_transition,1.5,p30,1.0,firm_exposure_to_capital,target_loss_to_capital_ratio,360,0.7860948001141983
Spain,severe_disorderly_transition,1.5,p30,1.0,shock_weighted_exposure_to_capital,target_loss_to_capital_ratio,360,0.9564729151716704
Ukraine,acute_physical_risk,0.75,p30,1.0,firm_exposure_to_capital,target_loss_to_capital_ratio,360,0.3143273881179533
Ukraine,acute_physical_risk,0.75,p30,1.0,shock_weighted_exposure_to_capital,target_loss_to_capital_ratio,360,0.4761489589809895
Ukraine,acute_physical_risk,1.0,p30,1.0,firm_exposure_to_capital,target_loss_to_capital_ratio,360,0.41321193392079875
Ukraine,acute_physical_risk,1.0,p30,1.0,shock_weighted_exposure_to_capital,target_loss_to_capital_ratio,360,0.6061397488567738
Ukraine,acute_physical_risk,1.25,p30,1.0,firm_exposure_to_capital,target_loss_to_capital_ratio,360,0.4941471059542076
Ukraine,acute_physical_risk,1.25,p30,1.0,shock_weighted_exposure_to_capital,target_loss_to_capital_ratio,360,0.7052611456146247
Ukraine,acute_physical_risk,1.5,p30,1.0,firm_exposure_to_capital,target_loss_to_capital_ratio,360,0.5682466685699735
Ukraine,acute_physical_risk,1.5,p30,1.0,shock_weighted_exposure_to_capital,target_loss_to_capital_ratio,360,0.7829203929042662
Ukraine,combined_transition_physical,0.75,p30,1.0,firm_exposure_to_capital,target_loss_to_capital_ratio,360,0.739999970421582
Ukraine,combined_transition_physical,0.75,p30,1.0,shock_weighted_exposure_to_capital,target_loss_to_capital_ratio,360,0.7995565037510918
Ukraine,combined_transition_physical,1.0,p30,1.0,firm_exposure_to_capital,target_loss_to_capital_ratio,360,0.8529368796569933
Ukraine,combined_transition_physical,1.0,p30,1.0,shock_weighted_exposure_to_capital,target_loss_to_capital_ratio,360,0.9201943430633467
Ukraine,combined_transition_physical,1.25,p30,1.0,firm_exposure_to_capital,target_loss_to_capital_ratio,360,0.8997314794095633
Ukraine,combined_transition_physical,1.25,p30,1.0,shock_weighted_exposure_to_capital,target_loss_to_capital_ratio,360,0.968629387572435
Ukraine,combined_transition_physical,1.5,p30,1.0,firm_exposure_to_capital,target_loss_to_capital_ratio,360,0.916077027343318
Ukraine,combined_transition_physical,1.5,p30,1.0,shock_weighted_exposure_to_capital,target_loss_to_capital_ratio,360,0.9832676178056929
Ukraine,disorderly_transition,0.75,p30,1.0,firm_exposure_to_capital,target_loss_to_capital_ratio,360,0.5154435228482103
Ukraine,disorderly_transition,0.75,p30,1.0,shock_weighted_exposure_to_capital,target_loss_to_capital_ratio,360,0.6406093641819525
Ukraine,disorderly_transition,1.0,p30,1.0,firm_exposure_to_capital,target_loss_to_capital_ratio,360,0.5958422462228388
Ukraine,disorderly_transition,1.0,p30,1.0,shock_weighted_exposure_to_capital,target_loss_to_capital_ratio,360,0.733309391575435
Ukraine,disorderly_transition,1.25,p30,1.0,firm_exposure_to_capital,target_loss_to_capital_ratio,360,0.6624148735812562
Ukraine,disorderly_transition,1.25,p30,1.0,shock_weighted_exposure_to_capital,target_loss_to_capital_ratio,360,0.8247455772201446
Ukraine,disorderly_transition,1.5,p30,1.0,firm_exposure_to_capital,target_loss_to_capital_ratio,360,0.7134748154869275
Ukraine,disorderly_transition,1.5,p30,1.0,shock_weighted_exposure_to_capital,target_loss_to_capital_ratio,360,0.8840864824115484
Ukraine,orderly_transition,0.75,p30,1.0,firm_exposure_to_capital,target_loss_to_capital_ratio,360,0.3430396727557177
Ukraine,orderly_transition,0.75,p30,1.0,shock_weighted_exposure_to_capital,target_loss_to_capital_ratio,360,0.41043502288265377
Ukraine,orderly_transition,1.0,p30,1.0,firm_exposure_to_capital,target_loss_to_capital_ratio,360,0.4189804095674878
Ukraine,orderly_transition,1.0,p30,1.0,shock_weighted_exposure_to_capital,target_loss_to_capital_ratio,360,0.5130346635241826
Ukraine,orderly_transition,1.25,p30,1.0,firm_exposure_to_capital,target_loss_to_capital_ratio,360,0.47875182955853995
Ukraine,orderly_transition,1.25,p30,1.0,shock_weighted_exposure_to_capital,target_loss_to_capital_ratio,360,0.5915470071998947
Ukraine,orderly_transition,1.5,p30,1.0,firm_exposure_to_capital,target_loss_to_capital_ratio,360,0.5336229075492599
Ukraine,orderly_transition,1.5,p30,1.0,shock_weighted_exposure_to_capital,target_loss_to_capital_ratio,360,0.652989862817791
Ukraine,severe_disorderly_transition,0.75,p30,1.0,firm_exposure_to_capital,target_loss_to_capital_ratio,360,0.6259641862444393
Ukraine,severe_disorderly_transition,0.75,p30,1.0,shock_weighted_exposure_to_capital,target_loss_to_capital_ratio,360,0.7761440523635984
Ukraine,severe_disorderly_transition,1.0,p30,1.0,firm_exposure_to_capital,target_loss_to_capital_ratio,360,0.706274399382867
Ukraine,severe_disorderly_transition,1.0,p30,1.0,shock_weighted_exposure_to_capital,target_loss_to_capital_ratio,360,0.879424151898303
Ukraine,severe_disorderly_transition,1.25,p30,1.0,firm_exposure_to_capital,target_loss_to_capital_ratio,360,0.759108995182576
Ukraine,severe_disorderly_transition,1.25,p30,1.0,shock_weighted_exposure_to_capital,target_loss_to_capital_ratio,360,0.9332888371052245
Ukraine,severe_disorderly_transition,1.5,p30,1.0,firm_exposure_to_capital,target_loss_to_capital_ratio,360,0.7860948001141983
Ukraine,severe_disorderly_transition,1.5,p30,1.0,shock_weighted_exposure_to_capital,target_loss_to_capital_ratio,360,0.9564729151716704
United States of America,acute_physical_risk,0.75,p30,1.0,firm_exposure_to_capital,target_loss_to_capital_ratio,360,0.12432012037075976
United States of America,acute_physical_risk,0.75,p30,1.0,shock_weighted_exposure_to_capital,target_loss_to_capital_ratio,360,0.308856493271362
United States of America,acute_physical_risk,1.0,p30,1.0,firm_exposure_to_capital,target_loss_to_capital_ratio,360,0.24532063891230388
United States of America,acute_physical_risk,1.0,p30,1.0,shock_weighted_exposure_to_capital,target_loss_to_capital_ratio,360,0.48141326019939007
United States of America,acute_physical_risk,1.25,p30,1.0,firm_exposure_to_capital,target_loss_to_capital_ratio,360,0.31712906806712154
United States of America,acute_physical_risk,1.25,p30,1.0,shock_weighted_exposure_to_capital,target_loss_to_capital_ratio,360,0.5828771525919795
United States of America,acute_physical_risk,1.5,p30,1.0,firm_exposure_to_capital,target_loss_to_capital_ratio,360,0.3862728966122454
United States of America,acute_physical_risk,1.5,p30,1.0,shock_weighted_exposure_to_capital,target_loss_to_capital_ratio,360,0.6751900996508101
United States of America,combined_transition_physical,0.75,p30,1.0,firm_exposure_to_capital,target_loss_to_capital_ratio,360,0.6718137413132889
United States of America,combined_transition_physical,0.75,p30,1.0,shock_weighted_exposure_to_capital,target_loss_to_capital_ratio,360,0.7242465153400383
United States of America,combined_transition_physical,1.0,p30,1.0,firm_exposure_to_capital,target_loss_to_capital_ratio,360,0.8000042953009102
United States of America,combined_transition_physical,1.0,p30,1.0,shock_weighted_exposure_to_capital,target_loss_to_capital_ratio,360,0.8628921302692766
United States of America,combined_transition_physical,1.25,p30,1.0,firm_exposure_to_capital,target_loss_to_capital_ratio,360,0.8739077204813822
United States of America,combined_transition_physical,1.25,p30,1.0,shock_weighted_exposure_to_capital,target_loss_to_capital_ratio,360,0.943306661316831
United States of America,combined_transition_physical,1.5,p30,1.0,firm_exposure_to_capital,target_loss_to_capital_ratio,360,0.9037556874152834
United States of America,combined_transition_physical,1.5,p30,1.0,shock_weighted_exposure_to_capital,target_loss_to_capital_ratio,360,0.9742263957798027
United States of America,disorderly_transition,0.75,p30,1.0,firm_exposure_to_capital,target_loss_to_capital_ratio,360,0.5154435228482103
United States of America,disorderly_transition,0.75,p30,1.0,shock_weighted_exposure_to_capital,target_loss_to_capital_ratio,360,0.6406093641819525
United States of America,disorderly_transition,1.0,p30,1.0,firm_exposure_to_capital,target_loss_to_capital_ratio,360,0.5958422462228388
United States of America,disorderly_transition,1.0,p30,1.0,shock_weighted_exposure_to_capital,target_loss_to_capital_ratio,360,0.733309391575435
United States of America,disorderly_transition,1.25,p30,1.0,firm_exposure_to_capital,target_loss_to_capital_ratio,360,0.6624148735812562
United States of America,disorderly_transition,1.25,p30,1.0,shock_weighted_exposure_to_capital,target_loss_to_capital_ratio,360,0.8247455772201446
United States of America,disorderly_transition,1.5,p30,1.0,firm_exposure_to_capital,target_loss_to_capital_ratio,360,0.7134748154869275
United States of America,disorderly_transition,1.5,p30,1.0,shock_weighted_exposure_to_capital,target_loss_to_capital_ratio,360,0.8840864824115484
United States of America,orderly_transition,0.75,p30,1.0,firm_exposure_to_capital,target_loss_to_capital_ratio,360,0.3430396727557177
United States of America,orderly_transition,0.75,p30,1.0,shock_weighted_exposure_to_capital,target_loss_to_capital_ratio,360,0.41043502288265377
United States of America,orderly_transition,1.0,p30,1.0,firm_exposure_to_capital,target_loss_to_capital_ratio,360,0.4189804095674878
United States of America,orderly_transition,1.0,p30,1.0,shock_weighted_exposure_to_capital,target_loss_to_capital_ratio,360,0.5130346635241826
United States of America,orderly_transition,1.25,p30,1.0,firm_exposure_to_capital,target_loss_to_capital_ratio,360,0.47875182955853995
United States of America,orderly_transition,1.25,p30,1.0,shock_weighted_exposure_to_capital,target_loss_to_capital_ratio,360,0.5915470071998947
United States of America,orderly_transition,1.5,p30,1.0,firm_exposure_to_capital,target_loss_to_capital_ratio,360,0.5336229075492599
United States of America,orderly_transition,1.5,p30,1.0,shock_weighted_exposure_to_capital,target_loss_to_capital_ratio,360,0.652989862817791
United States of America,severe_disorderly_transition,0.75,p30,1.0,firm_exposure_to_capital,target_loss_to_capital_ratio,360,0.6259641862444393
United States of America,severe_disorderly_transition,0.75,p30,1.0,shock_weighted_exposure_to_capital,target_loss_to_capital_ratio,360,0.7761440523635984
United States of America,severe_disorderly_transition,1.0,p30,1.0,firm_exposure_to_capital,target_loss_to_capital_ratio,360,0.706274399382867
United States of America,severe_disorderly_transition,1.0,p30,1.0,shock_weighted_exposure_to_capital,target_loss_to_capital_ratio,360,0.879424151898303
United States of America,severe_disorderly_transition,1.25,p30,1.0,firm_exposure_to_capital,target_loss_to_capital_ratio,360,0.759108995182576
United States of America,severe_disorderly_transition,1.25,p30,1.0,shock_weighted_exposure_to_capital,target_loss_to_capital_ratio,360,0.9332888371052245
United States of America,severe_disorderly_transition,1.5,p30,1.0,firm_exposure_to_capital,target_loss_to_capital_ratio,360,0.7860948001141983
United States of America,severe_disorderly_transition,1.5,p30,1.0,shock_weighted_exposure_to_capital,target_loss_to_capital_ratio,360,0.9564729151716704
