interbank_liability_scale,metric,n_paired_runs,n_seed_clusters,n_common_support_configurations,mean_scale0,mean_current_scale,mean_difference_vs_scale0,cluster_bootstrap_ci_low,cluster_bootstrap_ci_high,estimand,inference_status,ci_available,median_difference_vs_scale0,p05_difference_vs_scale0,p95_difference_vs_scale0,share_positive_difference,share_negative_difference,share_numerically_zero_difference
0.5,total_bank_incoming_shortfall,9240,20,77,561.0024819176476,561.0024819176476,0.0,0.0,0.0,mean_of_seed_level_means,main_inference,True,0.0,0.0,0.0,0.0,0.0,1.0
0.5,total_bank_payment_shortfall,9240,20,77,0.0,0.0,0.0,0.0,0.0,mean_of_seed_level_means,main_inference,True,0.0,0.0,0.0,0.0,0.0,1.0
0.5,mean_loss_to_capital_ratio,9240,20,77,0.43352034228324055,0.43352034228324055,0.0,0.0,0.0,mean_of_seed_level_means,main_inference,True,0.0,0.0,0.0,0.0,0.0,1.0
0.5,median_loss_to_capital_ratio,9240,20,77,0.3403512092018557,0.3403512092018557,0.0,0.0,0.0,mean_of_seed_level_means,main_inference,True,0.0,0.0,0.0,0.0,0.0,1.0
0.5,max_loss_to_capital_ratio,9240,20,77,1.2960285482058882,1.2960285482058884,0.0,0.0,0.0,mean_of_seed_level_means,main_inference,True,0.0,0.0,0.0,0.0,0.0,1.0
0.5,shocked_vulnerable_25_banks,9240,20,77,8.810416666666667,8.810416666666667,0.0,0.0,0.0,mean_of_seed_level_means,main_inference,True,0.0,0.0,0.0,0.0,0.0,1.0
0.5,shocked_vulnerable_50_banks,9240,20,77,5.585833333333333,5.585833333333333,0.0,0.0,0.0,mean_of_seed_level_means,main_inference,True,0.0,0.0,0.0,0.0,0.0,1.0
0.5,shocked_bank_capital_breaches,9240,20,77,2.555416666666667,2.555416666666667,0.0,0.0,0.0,mean_of_seed_level_means,main_inference,True,0.0,0.0,0.0,0.0,0.0,1.0
0.5,firm_to_bank_incoming_shortfall,9240,20,77,561.0024819176476,561.0024819176476,0.0,0.0,0.0,mean_of_seed_level_means,main_inference,True,0.0,0.0,0.0,0.0,0.0,1.0
0.5,bank_to_bank_incoming_shortfall,9240,20,77,0.0,0.0,0.0,0.0,0.0,mean_of_seed_level_means,main_inference,True,0.0,0.0,0.0,0.0,0.0,1.0
0.5,bank_to_bank_shortfall_share,9240,20,77,0.0,0.0,0.0,0.0,0.0,mean_of_seed_level_means,main_inference,True,0.0,0.0,0.0,0.0,0.0,1.0
1.0,total_bank_incoming_shortfall,7440,20,62,561.0024819176476,561.8040008231002,0.8015189054524179,0.3830533118954036,1.2796324288844594,mean_of_seed_level_means,main_inference,True,0.0,0.0,0.0,0.03924731182795699,0.0,0.960752688172043
1.0,total_bank_payment_shortfall,7440,20,62,0.0,0.8015189054524126,0.8015189054524126,0.3696467636073142,1.2997835920911962,mean_of_seed_level_means,main_inference,True,0.0,0.0,0.0,0.03924731182795699,0.0,0.960752688172043
1.0,mean_loss_to_capital_ratio,7440,20,62,0.43352034228324066,0.43435705243243816,0.0008367101491975641,0.00040481265866734224,0.0013573611533684124,mean_of_seed_level_means,main_inference,True,0.0,0.0,0.0,0.03924731182795699,0.0,0.960752688172043
1.0,median_loss_to_capital_ratio,7440,20,62,0.3403512092018557,0.3414624910972389,0.0011112818953831834,0.00014388908404219604,0.002574364632453369,mean_of_seed_level_means,main_inference,True,0.0,0.0,0.0,0.015725806451612902,0.0,0.9842741935483871
1.0,max_loss_to_capital_ratio,7440,20,62,1.2960285482058884,1.2963932437637768,0.00036469555788842074,1.3549011980018131e-06,0.0010590536514003678,mean_of_seed_level_means,main_inference,True,0.0,0.0,0.0,0.0034946236559139786,0.0,0.996505376344086
1.0,shocked_vulnerable_25_banks,7440,20,62,8.810416666666667,8.813784722222223,0.003368055555555556,0.00020572916666666754,0.007256944444444445,mean_of_seed_level_means,main_inference,True,0.0,0.0,0.0,0.00282258064516129,0.0,0.9971774193548387
1.0,shocked_vulnerable_50_banks,7440,20,62,5.585833333333333,5.592951388888889,0.007118055555555555,0.0013194444444444445,0.015105902777777755,mean_of_seed_level_means,main_inference,True,0.0,0.0,0.0,0.005779569892473118,0.0,0.9942204301075269
1.0,shocked_bank_capital_breaches,7440,20,62,2.555416666666667,2.560416666666666,0.005,0.0011805555555555556,0.010312499999999999,mean_of_seed_level_means,main_inference,True,0.0,0.0,0.0,0.004301075268817204,0.0,0.9956989247311828
1.0,firm_to_bank_incoming_shortfall,7440,20,62,561.0024819176476,561.0024819176476,0.0,0.0,0.0,mean_of_seed_level_means,main_inference,True,0.0,0.0,0.0,0.0,0.0,1.0
1.0,bank_to_bank_incoming_shortfall,7440,20,62,0.0,0.801518905452413,0.801518905452413,0.37346104865276536,1.2928779330678257,mean_of_seed_level_means,main_inference,True,0.0,0.0,0.0,0.03924731182795699,0.0,0.960752688172043
1.0,bank_to_bank_shortfall_share,7440,20,62,0.0,0.0004706142359291323,0.0004706142359291323,0.00020293250040213278,0.0007934391094151054,mean_of_seed_level_means,main_inference,True,0.0,0.0,0.0,0.03924731182795699,0.0,0.960752688172043
1.5,total_bank_incoming_shortfall,4440,18,37,558.3103615199378,563.2051908934843,4.894829373546365,2.593469576969762,7.582415340576486,mean_of_seed_level_means,main_inference,True,0.0,0.0,32.05743686277509,0.16306306306306306,0.0,0.8369369369369369
1.5,total_bank_payment_shortfall,4440,18,37,0.0,4.894829373546358,4.894829373546358,2.6206918879501826,7.593268102997483,mean_of_seed_level_means,main_inference,True,0.0,0.0,32.057436862774594,0.16306306306306306,0.0,0.8369369369369369
1.5,mean_loss_to_capital_ratio,4440,18,37,0.4293835203866372,0.4340865053858045,0.004702984999167355,0.0024402707488606974,0.007311486514288603,mean_of_seed_level_means,main_inference,True,0.0,0.0,0.029005389669097048,0.16306306306306306,0.0,0.8369369369369369
1.5,median_loss_to_capital_ratio,4440,18,37,0.3389124783632301,0.3439789040162308,0.005066425653000758,0.0021155154766176326,0.008657619678895362,mean_of_seed_level_means,main_inference,True,0.0,0.0,0.027846389879459893,0.10743243243243243,0.0,0.8925675675675676
1.5,max_loss_to_capital_ratio,4440,18,37,1.2871411038617273,1.2978290603764846,0.010687956514757069,0.0035343539519046225,0.01966070465314958,mean_of_seed_level_means,main_inference,True,0.0,0.0,0.0002558766661386768,0.05067567567567568,0.0,0.9493243243243243
1.5,shocked_vulnerable_25_banks,4440,18,37,8.756944444444445,8.789197530864197,0.03225308641975308,0.009334490740740742,0.06103395061728394,mean_of_seed_level_means,main_inference,True,0.0,0.0,0.0,0.028153153153153154,0.0,0.9718468468468469
1.5,shocked_vulnerable_50_banks,4440,18,37,5.5412037037037045,5.584336419753087,0.04313271604938271,0.016898148148148148,0.07445987654320989,mean_of_seed_level_means,main_inference,True,0.0,0.0,0.0,0.037162162162162164,0.0,0.9628378378378378
1.5,shocked_bank_capital_breaches,4440,18,37,2.5342592592592594,2.573070987654321,0.03881172839506172,0.017590663580246912,0.06489197530864196,mean_of_seed_level_means,main_inference,True,0.0,0.0,0.0,0.034684684684684684,0.0,0.9653153153153153
1.5,firm_to_bank_incoming_shortfall,4440,18,37,558.3103615199378,558.3103615199378,0.0,0.0,0.0,mean_of_seed_level_means,main_inference,True,0.0,0.0,0.0,0.0,0.0,1.0
1.5,bank_to_bank_incoming_shortfall,4440,18,37,0.0,4.894829373546362,4.894829373546362,2.69454094324908,7.5035478669783116,mean_of_seed_level_means,main_inference,True,0.0,0.0,32.05743686277463,0.16306306306306306,0.0,0.8369369369369369
1.5,bank_to_bank_shortfall_share,4440,18,37,0.0,0.0036675748545722075,0.0036675748545722075,0.0016653284267588522,0.006117071017565989,mean_of_seed_level_means,main_inference,True,0.0,0.0,0.0285419914803296,0.16306306306306306,0.0,0.8369369369369369
2.0,total_bank_incoming_shortfall,1440,7,12,550.5670202709614,555.2255732223057,4.658552951344374,,,mean_of_seed_level_means,exploratory_too_few_clusters,False,0.0,0.0,35.253134205774586,0.09861111111111111,0.0,0.9013888888888889
2.0,total_bank_payment_shortfall,1440,7,12,0.0,4.658552951344386,4.658552951344386,,,mean_of_seed_level_means,exploratory_too_few_clusters,False,0.0,0.0,35.253134205774245,0.09861111111111111,0.0,0.9013888888888889
2.0,mean_loss_to_capital_ratio,1440,7,12,0.41899011735626995,0.42386219363976524,0.00487207628349523,,,mean_of_seed_level_means,exploratory_too_few_clusters,False,0.0,0.0,0.03488260552572253,0.09861111111111111,0.0,0.9013888888888889
2.0,median_loss_to_capital_ratio,1440,7,12,0.32743873229713893,0.3299277632553825,0.0024890309582434977,,,mean_of_seed_level_means,exploratory_too_few_clusters,False,0.0,0.0,0.014770886302714226,0.06527777777777778,0.0,0.9347222222222222
2.0,max_loss_to_capital_ratio,1440,7,12,1.2890711223532567,1.3080165807565933,0.0189454584033369,,,mean_of_seed_level_means,exploratory_too_few_clusters,False,0.0,0.0,0.0,0.02847222222222222,0.0,0.9715277777777778
2.0,shocked_vulnerable_25_banks,1440,7,12,8.63452380952381,8.657738095238095,0.02321428571428571,,,mean_of_seed_level_means,exploratory_too_few_clusters,False,0.0,0.0,0.0,0.025694444444444443,0.0,0.9743055555555555
2.0,shocked_vulnerable_50_banks,1440,7,12,5.425,5.45654761904762,0.03154761904761905,,,mean_of_seed_level_means,exploratory_too_few_clusters,False,0.0,0.0,0.0,0.030555555555555555,0.0,0.9694444444444444
2.0,shocked_bank_capital_breaches,1440,7,12,2.4416666666666664,2.481547619047619,0.039880952380952385,,,mean_of_seed_level_means,exploratory_too_few_clusters,False,0.0,0.0,0.0,0.0375,0.0,0.9625
2.0,firm_to_bank_incoming_shortfall,1440,7,12,550.5670202709615,550.5670202709615,0.0,,,mean_of_seed_level_means,exploratory_too_few_clusters,False,0.0,0.0,0.0,0.0,0.0,1.0
2.0,bank_to_bank_incoming_shortfall,1440,7,12,0.0,4.658552951344389,4.658552951344389,,,mean_of_seed_level_means,exploratory_too_few_clusters,False,0.0,0.0,35.2531342057743,0.09861111111111111,0.0,0.9013888888888889
2.0,bank_to_bank_shortfall_share,1440,7,12,0.0,0.003223889726885712,0.003223889726885712,,,mean_of_seed_level_means,exploratory_too_few_clusters,False,0.0,0.0,0.0339133130961058,0.09861111111111111,0.0,0.9013888888888889
3.0,total_bank_incoming_shortfall,240,2,2,506.9846622910717,515.4015134301609,8.41685113908947,,,mean_of_seed_level_means,exploratory_too_few_clusters,False,0.0,0.0,61.59781594514311,0.15416666666666667,0.0,0.8458333333333333
3.0,total_bank_payment_shortfall,240,2,2,0.0,8.4168511390895,8.4168511390895,,,mean_of_seed_level_means,exploratory_too_few_clusters,False,0.0,0.0,61.59781594514311,0.15416666666666667,0.0,0.8458333333333333
3.0,mean_loss_to_capital_ratio,240,2,2,0.3811303474604929,0.3901987524482131,0.00906840498772053,,,mean_of_seed_level_means,exploratory_too_few_clusters,False,0.0,0.0,0.06691500823049701,0.15416666666666667,0.0,0.8458333333333333
3.0,median_loss_to_capital_ratio,240,2,2,0.31254900992305157,0.3199634238259623,0.0074144139029109725,,,mean_of_seed_level_means,exploratory_too_few_clusters,False,0.0,0.0,0.026497370778938094,0.15,0.0,0.85
3.0,max_loss_to_capital_ratio,240,2,2,1.1296862521514641,1.139545815006084,0.009859562854621773,,,mean_of_seed_level_means,exploratory_too_few_clusters,False,0.0,0.0,0.008199664404803218,0.0625,0.0,0.9375
3.0,shocked_vulnerable_25_banks,240,2,2,8.304166666666667,8.308333333333334,0.004166666666666667,,,mean_of_seed_level_means,exploratory_too_few_clusters,False,0.0,0.0,0.0,0.004166666666666667,0.0,0.9958333333333333
3.0,shocked_vulnerable_50_banks,240,2,2,5.045833333333333,5.1,0.05416666666666667,,,mean_of_seed_level_means,exploratory_too_few_clusters,False,0.0,0.0,0.04999999999998295,0.05,0.0,0.95
3.0,shocked_bank_capital_breaches,240,2,2,2.158333333333333,2.2583333333333333,0.1,,,mean_of_seed_level_means,exploratory_too_few_clusters,False,0.0,0.0,1.0,0.0625,0.0,0.9375
3.0,firm_to_bank_incoming_shortfall,240,2,2,506.98466229107186,506.98466229107186,0.0,,,mean_of_seed_level_means,exploratory_too_few_clusters,False,0.0,0.0,0.0,0.0,0.0,1.0
3.0,bank_to_bank_incoming_shortfall,240,2,2,0.0,8.416851139089513,8.416851139089513,,,mean_of_seed_level_means,exploratory_too_few_clusters,False,0.0,0.0,61.59781594514323,0.15416666666666667,0.0,0.8458333333333333
3.0,bank_to_bank_shortfall_share,240,2,2,0.0,0.004373280824042648,0.004373280824042648,,,mean_of_seed_level_means,exploratory_too_few_clusters,False,0.0,0.0,0.0383548189709351,0.15416666666666667,0.0,0.8458333333333333
