interbank_liability_scale,density_label,metric,n_paired_runs,n_seed_clusters,n_common_support_configurations,mean_scale0,mean_current_scale,mean_difference_vs_scale0,cluster_bootstrap_ci_low,cluster_bootstrap_ci_high,estimand,inference_status,ci_available,median_difference_vs_scale0,p05_difference_vs_scale0,p95_difference_vs_scale0,share_positive_difference,share_negative_difference,share_numerically_zero_difference
0.5,p05,total_bank_incoming_shortfall,2160,18,18,557.5881015731832,557.5881015731833,0.0,0.0,0.0,mean_of_seed_level_means,main_inference,True,0.0,0.0,0.0,0.0,0.0,1.0
0.5,p05,total_bank_payment_shortfall,2160,18,18,0.0,0.0,0.0,0.0,0.0,mean_of_seed_level_means,main_inference,True,0.0,0.0,0.0,0.0,0.0,1.0
0.5,p05,mean_loss_to_capital_ratio,2160,18,18,0.4312351171693669,0.4312351171693669,0.0,0.0,0.0,mean_of_seed_level_means,main_inference,True,0.0,0.0,0.0,0.0,0.0,1.0
0.5,p05,median_loss_to_capital_ratio,2160,18,18,0.3397374537058371,0.33973745370583713,0.0,0.0,0.0,mean_of_seed_level_means,main_inference,True,0.0,0.0,0.0,0.0,0.0,1.0
0.5,p05,max_loss_to_capital_ratio,2160,18,18,1.2959461558803944,1.2959461558803944,0.0,0.0,0.0,mean_of_seed_level_means,main_inference,True,0.0,0.0,0.0,0.0,0.0,1.0
0.5,p05,shocked_vulnerable_25_banks,2160,18,18,8.757870370370371,8.757870370370371,0.0,0.0,0.0,mean_of_seed_level_means,main_inference,True,0.0,0.0,0.0,0.0,0.0,1.0
0.5,p05,shocked_vulnerable_50_banks,2160,18,18,5.552314814814814,5.552314814814814,0.0,0.0,0.0,mean_of_seed_level_means,main_inference,True,0.0,0.0,0.0,0.0,0.0,1.0
0.5,p05,shocked_bank_capital_breaches,2160,18,18,2.5444444444444447,2.5444444444444447,0.0,0.0,0.0,mean_of_seed_level_means,main_inference,True,0.0,0.0,0.0,0.0,0.0,1.0
0.5,p05,firm_to_bank_incoming_shortfall,2160,18,18,557.5881015731832,557.5881015731832,0.0,0.0,0.0,mean_of_seed_level_means,main_inference,True,0.0,0.0,0.0,0.0,0.0,1.0
0.5,p05,bank_to_bank_incoming_shortfall,2160,18,18,0.0,0.0,0.0,0.0,0.0,mean_of_seed_level_means,main_inference,True,0.0,0.0,0.0,0.0,0.0,1.0
0.5,p05,bank_to_bank_shortfall_share,2160,18,18,0.0,0.0,0.0,0.0,0.0,mean_of_seed_level_means,main_inference,True,0.0,0.0,0.0,0.0,0.0,1.0
0.5,p15,total_bank_incoming_shortfall,2280,19,19,563.5087943614147,563.5087943614147,0.0,0.0,0.0,mean_of_seed_level_means,main_inference,True,0.0,0.0,0.0,0.0,0.0,1.0
0.5,p15,total_bank_payment_shortfall,2280,19,19,0.0,0.0,0.0,0.0,0.0,mean_of_seed_level_means,main_inference,True,0.0,0.0,0.0,0.0,0.0,1.0
0.5,p15,mean_loss_to_capital_ratio,2280,19,19,0.43730019586294316,0.43730019586294316,0.0,0.0,0.0,mean_of_seed_level_means,main_inference,True,0.0,0.0,0.0,0.0,0.0,1.0
0.5,p15,median_loss_to_capital_ratio,2280,19,19,0.3450430418877704,0.34504304188777046,0.0,0.0,0.0,mean_of_seed_level_means,main_inference,True,0.0,0.0,0.0,0.0,0.0,1.0
0.5,p15,max_loss_to_capital_ratio,2280,19,19,1.3047928207929205,1.3047928207929207,0.0,0.0,0.0,mean_of_seed_level_means,main_inference,True,0.0,0.0,0.0,0.0,0.0,1.0
0.5,p15,shocked_vulnerable_25_banks,2280,19,19,8.895175438596493,8.895175438596493,0.0,0.0,0.0,mean_of_seed_level_means,main_inference,True,0.0,0.0,0.0,0.0,0.0,1.0
0.5,p15,shocked_vulnerable_50_banks,2280,19,19,5.65,5.65,0.0,0.0,0.0,mean_of_seed_level_means,main_inference,True,0.0,0.0,0.0,0.0,0.0,1.0
0.5,p15,shocked_bank_capital_breaches,2280,19,19,2.58640350877193,2.58640350877193,0.0,0.0,0.0,mean_of_seed_level_means,main_inference,True,0.0,0.0,0.0,0.0,0.0,1.0
0.5,p15,firm_to_bank_incoming_shortfall,2280,19,19,563.5087943614147,563.5087943614147,0.0,0.0,0.0,mean_of_seed_level_means,main_inference,True,0.0,0.0,0.0,0.0,0.0,1.0
0.5,p15,bank_to_bank_incoming_shortfall,2280,19,19,0.0,0.0,0.0,0.0,0.0,mean_of_seed_level_means,main_inference,True,0.0,0.0,0.0,0.0,0.0,1.0
0.5,p15,bank_to_bank_shortfall_share,2280,19,19,0.0,0.0,0.0,0.0,0.0,mean_of_seed_level_means,main_inference,True,0.0,0.0,0.0,0.0,0.0,1.0
0.5,p30,total_bank_incoming_shortfall,2400,20,20,561.0024819176476,561.0024819176475,0.0,0.0,0.0,mean_of_seed_level_means,main_inference,True,0.0,0.0,0.0,0.0,0.0,1.0
0.5,p30,total_bank_payment_shortfall,2400,20,20,0.0,0.0,0.0,0.0,0.0,mean_of_seed_level_means,main_inference,True,0.0,0.0,0.0,0.0,0.0,1.0
0.5,p30,mean_loss_to_capital_ratio,2400,20,20,0.43352034228324055,0.43352034228324066,0.0,0.0,0.0,mean_of_seed_level_means,main_inference,True,0.0,0.0,0.0,0.0,0.0,1.0
0.5,p30,median_loss_to_capital_ratio,2400,20,20,0.3403512092018557,0.3403512092018557,0.0,0.0,0.0,mean_of_seed_level_means,main_inference,True,0.0,0.0,0.0,0.0,0.0,1.0
0.5,p30,max_loss_to_capital_ratio,2400,20,20,1.2960285482058882,1.2960285482058884,0.0,0.0,0.0,mean_of_seed_level_means,main_inference,True,0.0,0.0,0.0,0.0,0.0,1.0
0.5,p30,shocked_vulnerable_25_banks,2400,20,20,8.810416666666667,8.810416666666667,0.0,0.0,0.0,mean_of_seed_level_means,main_inference,True,0.0,0.0,0.0,0.0,0.0,1.0
0.5,p30,shocked_vulnerable_50_banks,2400,20,20,5.585833333333333,5.585833333333333,0.0,0.0,0.0,mean_of_seed_level_means,main_inference,True,0.0,0.0,0.0,0.0,0.0,1.0
0.5,p30,shocked_bank_capital_breaches,2400,20,20,2.555416666666667,2.555416666666667,0.0,0.0,0.0,mean_of_seed_level_means,main_inference,True,0.0,0.0,0.0,0.0,0.0,1.0
0.5,p30,firm_to_bank_incoming_shortfall,2400,20,20,561.0024819176476,561.0024819176476,0.0,0.0,0.0,mean_of_seed_level_means,main_inference,True,0.0,0.0,0.0,0.0,0.0,1.0
0.5,p30,bank_to_bank_incoming_shortfall,2400,20,20,0.0,0.0,0.0,0.0,0.0,mean_of_seed_level_means,main_inference,True,0.0,0.0,0.0,0.0,0.0,1.0
0.5,p30,bank_to_bank_shortfall_share,2400,20,20,0.0,0.0,0.0,0.0,0.0,mean_of_seed_level_means,main_inference,True,0.0,0.0,0.0,0.0,0.0,1.0
0.5,p50,total_bank_incoming_shortfall,2400,20,20,561.0024819176476,561.0024819176476,0.0,0.0,0.0,mean_of_seed_level_means,main_inference,True,0.0,0.0,0.0,0.0,0.0,1.0
0.5,p50,total_bank_payment_shortfall,2400,20,20,0.0,0.0,0.0,0.0,0.0,mean_of_seed_level_means,main_inference,True,0.0,0.0,0.0,0.0,0.0,1.0
0.5,p50,mean_loss_to_capital_ratio,2400,20,20,0.43352034228324055,0.43352034228324066,0.0,0.0,0.0,mean_of_seed_level_means,main_inference,True,0.0,0.0,0.0,0.0,0.0,1.0
0.5,p50,median_loss_to_capital_ratio,2400,20,20,0.3403512092018557,0.34035120920185574,0.0,0.0,0.0,mean_of_seed_level_means,main_inference,True,0.0,0.0,0.0,0.0,0.0,1.0
0.5,p50,max_loss_to_capital_ratio,2400,20,20,1.2960285482058882,1.2960285482058882,0.0,0.0,0.0,mean_of_seed_level_means,main_inference,True,0.0,0.0,0.0,0.0,0.0,1.0
0.5,p50,shocked_vulnerable_25_banks,2400,20,20,8.810416666666667,8.810416666666667,0.0,0.0,0.0,mean_of_seed_level_means,main_inference,True,0.0,0.0,0.0,0.0,0.0,1.0
0.5,p50,shocked_vulnerable_50_banks,2400,20,20,5.585833333333333,5.585833333333333,0.0,0.0,0.0,mean_of_seed_level_means,main_inference,True,0.0,0.0,0.0,0.0,0.0,1.0
0.5,p50,shocked_bank_capital_breaches,2400,20,20,2.555416666666667,2.555416666666667,0.0,0.0,0.0,mean_of_seed_level_means,main_inference,True,0.0,0.0,0.0,0.0,0.0,1.0
0.5,p50,firm_to_bank_incoming_shortfall,2400,20,20,561.0024819176476,561.0024819176476,0.0,0.0,0.0,mean_of_seed_level_means,main_inference,True,0.0,0.0,0.0,0.0,0.0,1.0
0.5,p50,bank_to_bank_incoming_shortfall,2400,20,20,0.0,0.0,0.0,0.0,0.0,mean_of_seed_level_means,main_inference,True,0.0,0.0,0.0,0.0,0.0,1.0
0.5,p50,bank_to_bank_shortfall_share,2400,20,20,0.0,0.0,0.0,0.0,0.0,mean_of_seed_level_means,main_inference,True,0.0,0.0,0.0,0.0,0.0,1.0
1.0,p05,total_bank_incoming_shortfall,1080,9,9,557.8938684248668,559.2795743385299,1.3857059136631438,,,mean_of_seed_level_means,exploratory_too_few_clusters,False,0.0,0.0,7.20226651300024,0.08703703703703704,0.0,0.912962962962963
1.0,p05,total_bank_payment_shortfall,1080,9,9,0.0,1.3857059136631453,1.3857059136631453,,,mean_of_seed_level_means,exploratory_too_few_clusters,False,0.0,0.0,7.202266512999878,0.08703703703703704,0.0,0.912962962962963
1.0,p05,mean_loss_to_capital_ratio,1080,9,9,0.41713424433431395,0.4188231395265568,0.001688895192242823,,,mean_of_seed_level_means,exploratory_too_few_clusters,False,0.0,0.0,0.008195189179773354,0.08703703703703704,0.0,0.912962962962963
1.0,p05,median_loss_to_capital_ratio,1080,9,9,0.33071083243700294,0.33355457811616923,0.002843745679166285,,,mean_of_seed_level_means,exploratory_too_few_clusters,False,0.0,0.0,5.448221748095047e-06,0.05,0.0,0.95
1.0,p05,max_loss_to_capital_ratio,1080,9,9,1.2378323268724332,1.2378987513613906,6.642448895730089e-05,,,mean_of_seed_level_means,exploratory_too_few_clusters,False,0.0,0.0,0.0,0.002777777777777778,0.0,0.9972222222222222
1.0,p05,shocked_vulnerable_25_banks,1080,9,9,8.571296296296298,8.577777777777778,0.006481481481481481,,,mean_of_seed_level_means,exploratory_too_few_clusters,False,0.0,0.0,0.0,0.006481481481481481,0.0,0.9935185185185185
1.0,p05,shocked_vulnerable_50_banks,1080,9,9,5.412962962962962,5.428703703703704,0.01574074074074074,,,mean_of_seed_level_means,exploratory_too_few_clusters,False,0.0,0.0,0.0,0.01574074074074074,0.0,0.9842592592592593
1.0,p05,shocked_bank_capital_breaches,1080,9,9,2.474074074074074,2.484259259259259,0.010185185185185184,,,mean_of_seed_level_means,exploratory_too_few_clusters,False,0.0,0.0,0.0,0.010185185185185186,0.0,0.9898148148148148
1.0,p05,firm_to_bank_incoming_shortfall,1080,9,9,557.8938684248668,557.8938684248668,0.0,,,mean_of_seed_level_means,exploratory_too_few_clusters,False,0.0,0.0,0.0,0.0,0.0,1.0
1.0,p05,bank_to_bank_incoming_shortfall,1080,9,9,0.0,1.3857059136631453,1.3857059136631453,,,mean_of_seed_level_means,exploratory_too_few_clusters,False,0.0,0.0,7.202266512999892,0.08703703703703704,0.0,0.912962962962963
1.0,p05,bank_to_bank_shortfall_share,1080,9,9,0.0,0.0008462981240537297,0.0008462981240537297,,,mean_of_seed_level_means,exploratory_too_few_clusters,False,0.0,0.0,0.0087827282550124,0.08703703703703704,0.0,0.912962962962963
1.0,p15,total_bank_incoming_shortfall,1920,16,16,560.3236290389593,561.4224977289692,1.0988686900098774,0.19971824578532063,2.238641942050865,mean_of_seed_level_means,main_inference,True,0.0,0.0,2.90774791160311,0.06927083333333334,0.0,0.9307291666666667
1.0,p15,total_bank_payment_shortfall,1920,16,16,0.0,1.0988686900098696,1.0988686900098696,0.1945263159719266,2.2540515909970478,mean_of_seed_level_means,main_inference,True,0.0,0.0,2.9077479116029394,0.06927083333333334,0.0,0.9307291666666667
1.0,p15,mean_loss_to_capital_ratio,1920,16,16,0.4332789906762865,0.43427558689692697,0.000996596220640425,0.0002543010327709981,0.0019155502427258804,mean_of_seed_level_means,main_inference,True,0.0,0.0,0.0025501914288361036,0.06927083333333334,0.0,0.9307291666666667
1.0,p15,median_loss_to_capital_ratio,1920,16,16,0.3428004812134261,0.34390861812357304,0.0011081369101469411,3.4019366459564693e-05,0.0029802619632392758,mean_of_seed_level_means,main_inference,True,0.0,0.0,0.0,0.0203125,0.0,0.9796875
1.0,p15,max_loss_to_capital_ratio,1920,16,16,1.3014208983038391,1.3014208983038391,0.0,0.0,0.0,mean_of_seed_level_means,main_inference,True,0.0,0.0,0.0,0.0,0.0,1.0
1.0,p15,shocked_vulnerable_25_banks,1920,16,16,8.864062500000001,8.8671875,0.003125,0.0,0.009375000000000001,mean_of_seed_level_means,main_inference,True,0.0,0.0,0.0,0.003125,0.0,0.996875
1.0,p15,shocked_vulnerable_50_banks,1920,16,16,5.597395833333334,5.605208333333334,0.0078125,0.0,0.01875,mean_of_seed_level_means,main_inference,True,0.0,0.0,0.0,0.007291666666666667,0.0,0.9927083333333333
1.0,p15,shocked_bank_capital_breaches,1920,16,16,2.5546875,2.5635416666666666,0.008854166666666666,0.0005208333333333333,0.0203125,mean_of_seed_level_means,main_inference,True,0.0,0.0,0.0,0.008854166666666666,0.0,0.9911458333333333
1.0,p15,firm_to_bank_incoming_shortfall,1920,16,16,560.3236290389593,560.3236290389593,0.0,0.0,0.0,mean_of_seed_level_means,main_inference,True,0.0,0.0,0.0,0.0,0.0,1.0
1.0,p15,bank_to_bank_incoming_shortfall,1920,16,16,0.0,1.098868690009871,1.098868690009871,0.1797171629805661,2.2245270121289367,mean_of_seed_level_means,main_inference,True,0.0,0.0,2.907747911602957,0.06927083333333334,0.0,0.9307291666666667
1.0,p15,bank_to_bank_shortfall_share,1920,16,16,0.0,0.0006591627946645092,0.0006591627946645092,7.84364691078602e-05,0.0013943058573311956,mean_of_seed_level_means,main_inference,True,0.0,0.0,0.0036211314414441535,0.06927083333333334,0.0,0.9307291666666667
1.0,p30,total_bank_incoming_shortfall,2160,18,18,556.5200509882242,556.9352019601824,0.4151509719581263,0.0,1.14822664555056,mean_of_seed_level_means,main_inference,True,0.0,0.0,0.0,0.022222222222222223,0.0,0.9777777777777777
1.0,p30,total_bank_payment_shortfall,2160,18,18,0.0,0.41515097195811124,0.41515097195811124,0.0,1.0516868147654774,mean_of_seed_level_means,main_inference,True,0.0,0.0,0.0,0.022222222222222223,0.0,0.9777777777777777
1.0,p30,mean_loss_to_capital_ratio,2160,18,18,0.4289090861749201,0.4293287014173023,0.0004196152423821618,0.0,0.001186778697892984,mean_of_seed_level_means,main_inference,True,0.0,0.0,0.0,0.022222222222222223,0.0,0.9777777777777777
1.0,p30,median_loss_to_capital_ratio,2160,18,18,0.33848765621237337,0.33857097391306995,8.331770069646144e-05,0.0,0.0002499531020893843,mean_of_seed_level_means,main_inference,True,0.0,0.0,0.0,0.005092592592592593,0.0,0.9949074074074075
1.0,p30,max_loss_to_capital_ratio,2160,18,18,1.2864902318795701,1.2876185896878278,0.0011283578082576682,0.0,0.0033850734247730047,mean_of_seed_level_means,main_inference,True,0.0,0.0,0.0,0.00787037037037037,0.0,0.9921296296296296
1.0,p30,shocked_vulnerable_25_banks,2160,18,18,8.753240740740742,8.756944444444445,0.003703703703703704,0.0,0.010648148148148148,mean_of_seed_level_means,main_inference,True,0.0,0.0,0.0,0.003703703703703704,0.0,0.9962962962962963
1.0,p30,shocked_vulnerable_50_banks,2160,18,18,5.535648148148147,5.541203703703704,0.005555555555555556,0.0,0.014814814814814815,mean_of_seed_level_means,main_inference,True,0.0,0.0,0.0,0.005555555555555556,0.0,0.9944444444444445
1.0,p30,shocked_bank_capital_breaches,2160,18,18,2.52962962962963,2.5314814814814817,0.001851851851851852,0.0,0.004629629629629629,mean_of_seed_level_means,main_inference,True,0.0,0.0,0.0,0.001851851851851852,0.0,0.9981481481481481
1.0,p30,firm_to_bank_incoming_shortfall,2160,18,18,556.5200509882243,556.5200509882243,0.0,0.0,0.0,mean_of_seed_level_means,main_inference,True,0.0,0.0,0.0,0.0,0.0,1.0
1.0,p30,bank_to_bank_incoming_shortfall,2160,18,18,0.0,0.41515097195811146,0.41515097195811146,0.0,1.1482266455505163,mean_of_seed_level_means,main_inference,True,0.0,0.0,0.0,0.022222222222222223,0.0,0.9777777777777777
1.0,p30,bank_to_bank_shortfall_share,2160,18,18,0.0,0.00027207335353918063,0.00027207335353918063,0.0,0.0007759150093884673,mean_of_seed_level_means,main_inference,True,0.0,0.0,0.0,0.022222222222222223,0.0,0.9777777777777777
1.0,p50,total_bank_incoming_shortfall,2280,19,19,562.0150961339426,562.2141133193008,0.19901718535809146,0.012104568142585218,0.5335691342227656,mean_of_seed_level_means,main_inference,True,0.0,0.0,0.0,0.007456140350877193,0.0,0.9925438596491228
1.0,p50,total_bank_payment_shortfall,2280,19,19,0.0,0.19901718535809143,0.19901718535809143,0.012104568142584145,0.530831497308379,mean_of_seed_level_means,main_inference,True,0.0,0.0,0.0,0.007456140350877193,0.0,0.9925438596491228
1.0,p50,mean_loss_to_capital_ratio,2280,19,19,0.4369683208492201,0.4371721052466054,0.00020378439738530534,1.1716779862995932e-05,0.0005592404765941132,mean_of_seed_level_means,main_inference,True,0.0,0.0,0.0,0.007456140350877193,0.0,0.9925438596491228
1.0,p50,median_loss_to_capital_ratio,2280,19,19,0.3437221950434674,0.3439432628350999,0.00022106779163235998,1.736337035951135e-06,0.0005517403633503726,mean_of_seed_level_means,main_inference,True,0.0,0.0,0.0,0.005701754385964913,0.0,0.9942982456140351
1.0,p50,max_loss_to_capital_ratio,2280,19,19,1.3046928201151056,1.3047519215690118,5.91014539055492e-05,0.0,0.00017513796406494584,mean_of_seed_level_means,main_inference,True,0.0,0.0,0.0,0.002631578947368421,0.0,0.9973684210526316
1.0,p50,shocked_vulnerable_25_banks,2280,19,19,8.856140350877194,8.856140350877194,0.0,0.0,0.0,mean_of_seed_level_means,main_inference,True,0.0,0.0,0.0,0.0,0.0,1.0
1.0,p50,shocked_vulnerable_50_banks,2280,19,19,5.625877192982456,5.625877192982456,0.0,0.0,0.0,mean_of_seed_level_means,main_inference,True,0.0,0.0,0.0,0.0,0.0,1.0
1.0,p50,shocked_bank_capital_breaches,2280,19,19,2.5820175438596493,2.5820175438596493,0.0,0.0,0.0,mean_of_seed_level_means,main_inference,True,0.0,0.0,0.0,0.0,0.0,1.0
1.0,p50,firm_to_bank_incoming_shortfall,2280,19,19,562.0150961339426,562.0150961339426,0.0,0.0,0.0,mean_of_seed_level_means,main_inference,True,0.0,0.0,0.0,0.0,0.0,1.0
1.0,p50,bank_to_bank_incoming_shortfall,2280,19,19,0.0,0.19901718535809163,0.19901718535809163,0.012104568142584237,0.5338754101806829,mean_of_seed_level_means,main_inference,True,0.0,0.0,0.0,0.007456140350877193,0.0,0.9925438596491228
1.0,p50,bank_to_bank_shortfall_share,2280,19,19,0.0,7.871308205676734e-05,7.871308205676734e-05,4.507876184913202e-06,0.00021114319774722136,mean_of_seed_level_means,main_inference,True,0.0,0.0,0.0,0.007456140350877193,0.0,0.9925438596491228
1.5,p05,total_bank_incoming_shortfall,120,1,1,599.4218347630556,600.2103818250836,0.7885470620279117,,,mean_of_seed_level_means,descriptive_only,False,0.0,0.0,0.17334546035996246,0.1,0.0,0.9
1.5,p05,total_bank_payment_shortfall,120,1,1,0.0,0.7885470620278997,0.7885470620278997,,,mean_of_seed_level_means,descriptive_only,False,0.0,0.0,0.17334546035972082,0.1,0.0,0.9
1.5,p05,mean_loss_to_capital_ratio,120,1,1,0.4410589959873814,0.44221150557818517,0.0011525095908037132,,,mean_of_seed_level_means,descriptive_only,False,0.0,0.0,0.0002533549552173774,0.1,0.0,0.9
1.5,p05,median_loss_to_capital_ratio,120,1,1,0.3507361891866888,0.3507361891866887,0.0,,,mean_of_seed_level_means,descriptive_only,False,0.0,0.0,0.0,0.0,0.0,1.0
1.5,p05,max_loss_to_capital_ratio,120,1,1,1.2277075894736276,1.2507577812897026,0.023050191816074424,,,mean_of_seed_level_means,descriptive_only,False,0.0,0.0,0.005067099104348969,0.1,0.0,0.9
1.5,p05,shocked_vulnerable_25_banks,120,1,1,9.083333333333334,9.083333333333334,0.0,,,mean_of_seed_level_means,descriptive_only,False,0.0,0.0,0.0,0.0,0.0,1.0
1.5,p05,shocked_vulnerable_50_banks,120,1,1,5.975,5.975,0.0,,,mean_of_seed_level_means,descriptive_only,False,0.0,0.0,0.0,0.0,0.0,1.0
1.5,p05,shocked_bank_capital_breaches,120,1,1,2.6166666666666667,2.6166666666666667,0.0,,,mean_of_seed_level_means,descriptive_only,False,0.0,0.0,0.0,0.0,0.0,1.0
1.5,p05,firm_to_bank_incoming_shortfall,120,1,1,599.4218347630557,599.4218347630557,0.0,,,mean_of_seed_level_means,descriptive_only,False,0.0,0.0,0.0,0.0,0.0,1.0
1.5,p05,bank_to_bank_incoming_shortfall,120,1,1,0.0,0.7885470620278997,0.7885470620278997,,,mean_of_seed_level_means,descriptive_only,False,0.0,0.0,0.17334546035972082,0.1,0.0,0.9
1.5,p05,bank_to_bank_shortfall_share,120,1,1,0.0,0.000322053128116525,0.000322053128116525,,,mean_of_seed_level_means,descriptive_only,False,0.0,0.0,0.00010230832878072995,0.1,0.0,0.9
1.5,p15,total_bank_incoming_shortfall,960,8,8,535.0237720852521,543.8985088313259,8.87473674607383,,,mean_of_seed_level_means,exploratory_too_few_clusters,False,0.0,0.0,48.34803631400837,0.2916666666666667,0.0,0.7083333333333334
1.5,p15,total_bank_payment_shortfall,960,8,8,0.0,8.874736746073838,8.874736746073838,,,mean_of_seed_level_means,exploratory_too_few_clusters,False,0.0,0.0,48.3480363140084,0.2916666666666667,0.0,0.7083333333333334
1.5,p15,mean_loss_to_capital_ratio,960,8,8,0.4084359508951789,0.4194400250433864,0.011004074148207357,,,mean_of_seed_level_means,exploratory_too_few_clusters,False,0.0,0.0,0.07497308724124707,0.2916666666666667,0.0,0.7083333333333334
1.5,p15,median_loss_to_capital_ratio,960,8,8,0.328847308814936,0.3394096470751468,0.010562338260210823,,,mean_of_seed_level_means,exploratory_too_few_clusters,False,0.0,0.0,0.08077094285650332,0.16041666666666668,0.0,0.8395833333333333
1.5,p15,max_loss_to_capital_ratio,960,8,8,1.2279402135218318,1.2664249286539633,0.03848471513213133,,,mean_of_seed_level_means,exploratory_too_few_clusters,False,0.0,0.0,0.1686111866298359,0.096875,0.0,0.903125
1.5,p15,shocked_vulnerable_25_banks,960,8,8,8.571874999999999,8.619791666666666,0.04791666666666666,,,mean_of_seed_level_means,exploratory_too_few_clusters,False,0.0,0.0,0.0,0.04791666666666667,0.0,0.9520833333333333
1.5,p15,shocked_vulnerable_50_banks,960,8,8,5.313541666666667,5.390625,0.07708333333333334,,,mean_of_seed_level_means,exploratory_too_few_clusters,False,0.0,0.0,1.0,0.075,0.0,0.925
1.5,p15,shocked_bank_capital_breaches,960,8,8,2.371875,2.46875,0.096875,,,mean_of_seed_level_means,exploratory_too_few_clusters,False,0.0,0.0,1.0,0.08229166666666667,0.0,0.9177083333333333
1.5,p15,firm_to_bank_incoming_shortfall,960,8,8,535.0237720852522,535.0237720852522,0.0,,,mean_of_seed_level_means,exploratory_too_few_clusters,False,0.0,0.0,0.0,0.0,0.0,1.0
1.5,p15,bank_to_bank_incoming_shortfall,960,8,8,0.0,8.874736746073847,8.874736746073847,,,mean_of_seed_level_means,exploratory_too_few_clusters,False,0.0,0.0,48.34803631400844,0.2916666666666667,0.0,0.7083333333333334
1.5,p15,bank_to_bank_shortfall_share,960,8,8,0.0,0.007321670913010989,0.007321670913010989,,,mean_of_seed_level_means,exploratory_too_few_clusters,False,0.0,0.0,0.039976454307306085,0.2916666666666667,0.0,0.7083333333333334
1.5,p30,total_bank_incoming_shortfall,1800,15,15,561.1969962410674,565.9633445653318,4.766348324264505,2.0595329501440327,8.317318555863112,mean_of_seed_level_means,main_inference,True,0.0,0.0,30.8802542030847,0.14833333333333334,0.0,0.8516666666666667
1.5,p30,total_bank_payment_shortfall,1800,15,15,0.0,4.766348324264495,4.766348324264495,2.024194637445347,8.363225700384048,mean_of_seed_level_means,main_inference,True,0.0,0.0,30.88025420308452,0.14833333333333334,0.0,0.8516666666666667
1.5,p30,mean_loss_to_capital_ratio,1800,15,15,0.4352826008425996,0.4392241453229788,0.003941544480379067,0.0017648493641449995,0.006650535226382419,mean_of_seed_level_means,main_inference,True,0.0,0.0,0.022712082876680313,0.14833333333333334,0.0,0.8516666666666667
1.5,p30,median_loss_to_capital_ratio,1800,15,15,0.3461943904253381,0.35110737537625486,0.0049129849509164745,0.001586862169054779,0.009510212341209663,mean_of_seed_level_means,main_inference,True,0.0,0.0,0.026490992500950328,0.09833333333333333,0.0,0.9016666666666666
1.5,p30,max_loss_to_capital_ratio,1800,15,15,1.319209119009674,1.3252299929333209,0.006020873923646627,0.00036153859042609425,0.012771310178420488,mean_of_seed_level_means,main_inference,True,0.0,0.0,0.0,0.041666666666666664,0.0,0.9583333333333334
1.5,p30,shocked_vulnerable_25_banks,1800,15,15,8.886666666666667,8.928333333333335,0.041666666666666664,0.0038888888888888888,0.09611111111111109,mean_of_seed_level_means,main_inference,True,0.0,0.0,0.0,0.028333333333333332,0.0,0.9716666666666667
1.5,p30,shocked_vulnerable_50_banks,1800,15,15,5.6322222222222225,5.676666666666666,0.04444444444444444,0.0077777777777777776,0.10055555555555555,mean_of_seed_level_means,main_inference,True,0.0,0.0,0.0,0.03166666666666667,0.0,0.9683333333333334
1.5,p30,shocked_bank_capital_breaches,1800,15,15,2.583333333333334,2.612777777777778,0.029444444444444447,0.01111111111111111,0.05555555555555556,mean_of_seed_level_means,main_inference,True,0.0,0.0,0.0,0.02666666666666667,0.0,0.9733333333333334
1.5,p30,firm_to_bank_incoming_shortfall,1800,15,15,561.1969962410674,561.1969962410674,0.0,0.0,0.0,mean_of_seed_level_means,main_inference,True,0.0,0.0,0.0,0.0,0.0,1.0
1.5,p30,bank_to_bank_incoming_shortfall,1800,15,15,0.0,4.766348324264501,4.766348324264501,2.0219435238115055,8.480217398877372,mean_of_seed_level_means,main_inference,True,0.0,0.0,30.880254203084547,0.14833333333333334,0.0,0.8516666666666667
1.5,p30,bank_to_bank_shortfall_share,1800,15,15,0.0,0.003200811935586308,0.003200811935586308,0.0010750296849498177,0.006336204708007082,mean_of_seed_level_means,main_inference,True,0.0,0.0,0.02571003527098874,0.14833333333333334,0.0,0.8516666666666667
1.5,p50,total_bank_incoming_shortfall,1560,13,13,563.5260662100028,566.7598835325891,3.2338173225862823,0.7969097081262769,6.9136851931955645,mean_of_seed_level_means,main_inference,True,0.0,0.0,19.79606038603606,0.10576923076923077,0.0,0.8942307692307693
1.5,p50,total_bank_payment_shortfall,1560,13,13,0.0,3.233817322586265,3.233817322586265,0.7804616254810246,6.9676632998314965,mean_of_seed_level_means,main_inference,True,0.0,0.0,19.796060386035837,0.10576923076923077,0.0,0.8942307692307693
1.5,p50,mean_loss_to_capital_ratio,1560,13,13,0.43483220929569605,0.43747000750952963,0.0026377982138335062,0.000612907090228549,0.005700035482385006,mean_of_seed_level_means,main_inference,True,0.0,0.0,0.015277655927966927,0.10576923076923077,0.0,0.8942307692307693
1.5,p50,median_loss_to_capital_ratio,1560,13,13,0.3413745641480823,0.34342340202632565,0.0020488378782434176,0.000515673783056676,0.004216331058665263,mean_of_seed_level_means,main_inference,True,0.0,0.0,0.009306205619804546,0.09358974358974359,0.0,0.9064102564102564
1.5,p50,max_loss_to_capital_ratio,1560,13,13,1.3171726416676772,1.318936746064151,0.0017641043964737638,0.00015669314290339033,0.004272913418565773,mean_of_seed_level_means,main_inference,True,0.0,0.0,0.0,0.028846153846153848,0.0,0.9711538461538461
1.5,p50,shocked_vulnerable_25_banks,1560,13,13,8.841666666666667,8.86025641025641,0.01858974358974359,0.000641025641025641,0.05128205128205129,mean_of_seed_level_means,main_inference,True,0.0,0.0,0.0,0.017948717948717947,0.0,0.982051282051282
1.5,p50,shocked_vulnerable_50_banks,1560,13,13,5.576923076923077,5.603205128205128,0.026282051282051282,0.005128205128205128,0.05833333333333334,mean_of_seed_level_means,main_inference,True,0.0,0.0,0.0,0.023076923076923078,0.0,0.9769230769230769
1.5,p50,shocked_bank_capital_breaches,1560,13,13,2.5519230769230767,2.575,0.023076923076923075,0.004487179487179487,0.052564102564102565,mean_of_seed_level_means,main_inference,True,0.0,0.0,0.0,0.01730769230769231,0.0,0.9826923076923076
1.5,p50,firm_to_bank_incoming_shortfall,1560,13,13,563.5260662100028,563.5260662100028,0.0,0.0,0.0,mean_of_seed_level_means,main_inference,True,0.0,0.0,0.0,0.0,0.0,1.0
1.5,p50,bank_to_bank_incoming_shortfall,1560,13,13,0.0,3.2338173225862685,3.2338173225862685,0.7773966949717374,7.020958384095146,mean_of_seed_level_means,main_inference,True,0.0,0.0,19.79606038603587,0.10576923076923077,0.0,0.8942307692307693
1.5,p50,bank_to_bank_shortfall_share,1560,13,13,0.0,0.0026105331151998865,0.0026105331151998865,0.0003602771489760147,0.006468266196818668,mean_of_seed_level_means,main_inference,True,0.0,0.0,0.021457337702305013,0.10576923076923077,0.0,0.8942307692307693
2.0,p15,total_bank_incoming_shortfall,240,2,2,533.1634656866315,547.4572860873914,14.293820400759778,,,mean_of_seed_level_means,exploratory_too_few_clusters,False,0.0,0.0,83.315360280199,0.24166666666666667,0.0,0.7583333333333333
2.0,p15,total_bank_payment_shortfall,240,2,2,0.0,14.29382040075974,14.29382040075974,,,mean_of_seed_level_means,exploratory_too_few_clusters,False,0.0,0.0,83.315360280199,0.24166666666666667,0.0,0.7583333333333333
2.0,p15,mean_loss_to_capital_ratio,240,2,2,0.3801982274161927,0.3998339470799152,0.019635719663722594,,,mean_of_seed_level_means,exploratory_too_few_clusters,False,0.0,0.0,0.11485437038902457,0.24166666666666667,0.0,0.7583333333333333
2.0,p15,median_loss_to_capital_ratio,240,2,2,0.30411477381045765,0.3097848899447921,0.005670116134334519,,,mean_of_seed_level_means,exploratory_too_few_clusters,False,0.0,0.0,0.04697671093577894,0.13333333333333333,0.0,0.8666666666666667
2.0,p15,max_loss_to_capital_ratio,240,2,2,1.1438518801082835,1.2354129581214885,0.0915610780132066,,,mean_of_seed_level_means,exploratory_too_few_clusters,False,0.0,0.0,0.5274680818782835,0.07083333333333333,0.0,0.9291666666666667
2.0,p15,shocked_vulnerable_25_banks,240,2,2,8.370833333333334,8.433333333333334,0.0625,,,mean_of_seed_level_means,exploratory_too_few_clusters,False,0.0,0.0,1.0,0.0625,0.0,0.9375
2.0,p15,shocked_vulnerable_50_banks,240,2,2,5.004166666666666,5.104166666666667,0.1,,,mean_of_seed_level_means,exploratory_too_few_clusters,False,0.0,0.0,1.0,0.1,0.0,0.9
2.0,p15,shocked_bank_capital_breaches,240,2,2,2.15,2.279166666666667,0.12916666666666668,,,mean_of_seed_level_means,exploratory_too_few_clusters,False,0.0,0.0,1.0,0.12916666666666668,0.0,0.8708333333333333
2.0,p15,firm_to_bank_incoming_shortfall,240,2,2,533.1634656866318,533.1634656866318,0.0,,,mean_of_seed_level_means,exploratory_too_few_clusters,False,0.0,0.0,0.0,0.0,0.0,1.0
2.0,p15,bank_to_bank_incoming_shortfall,240,2,2,0.0,14.29382040075974,14.29382040075974,,,mean_of_seed_level_means,exploratory_too_few_clusters,False,0.0,0.0,83.315360280199,0.24166666666666667,0.0,0.7583333333333333
2.0,p15,bank_to_bank_shortfall_share,240,2,2,0.0,0.010853575325779987,0.010853575325779987,,,mean_of_seed_level_means,exploratory_too_few_clusters,False,0.0,0.0,0.06340180366691887,0.24166666666666667,0.0,0.7583333333333333
2.0,p30,total_bank_incoming_shortfall,360,3,3,545.4889302971097,555.9298546105307,10.44092431342145,,,mean_of_seed_level_means,exploratory_too_few_clusters,False,0.0,0.0,76.1952187394957,0.20277777777777778,0.0,0.7972222222222223
2.0,p30,total_bank_payment_shortfall,360,3,3,0.0,10.440924313421531,10.440924313421531,,,mean_of_seed_level_means,exploratory_too_few_clusters,False,0.0,0.0,76.19521873949573,0.20277777777777778,0.0,0.7972222222222223
2.0,p30,mean_loss_to_capital_ratio,360,3,3,0.4190299796161598,0.4270535214321671,0.008023541816007639,,,mean_of_seed_level_means,exploratory_too_few_clusters,False,0.0,0.0,0.0601387265201033,0.20277777777777778,0.0,0.7972222222222223
2.0,p30,median_loss_to_capital_ratio,360,3,3,0.32697994716542356,0.3339237511890656,0.006943804023642271,,,mean_of_seed_level_means,exploratory_too_few_clusters,False,0.0,0.0,0.05607732747331547,0.1527777777777778,0.0,0.8472222222222222
2.0,p30,max_loss_to_capital_ratio,360,3,3,1.2633416922791119,1.2897344105200184,0.026392718240907467,,,mean_of_seed_level_means,exploratory_too_few_clusters,False,0.0,0.0,0.14290078732413378,0.06388888888888888,0.0,0.9361111111111111
2.0,p30,shocked_vulnerable_25_banks,360,3,3,8.594444444444443,8.652777777777777,0.05833333333333333,,,mean_of_seed_level_means,exploratory_too_few_clusters,False,0.0,0.0,1.0,0.05555555555555555,0.0,0.9444444444444444
2.0,p30,shocked_vulnerable_50_banks,360,3,3,5.416666666666667,5.497222222222223,0.08055555555555556,,,mean_of_seed_level_means,exploratory_too_few_clusters,False,0.0,0.0,1.0,0.05555555555555555,0.0,0.9444444444444444
2.0,p30,shocked_bank_capital_breaches,360,3,3,2.4055555555555554,2.4805555555555556,0.075,,,mean_of_seed_level_means,exploratory_too_few_clusters,False,0.0,0.0,1.0,0.05277777777777778,0.0,0.9472222222222222
2.0,p30,firm_to_bank_incoming_shortfall,360,3,3,545.4889302971098,545.4889302971098,0.0,,,mean_of_seed_level_means,exploratory_too_few_clusters,False,0.0,0.0,0.0,0.0,0.0,1.0
2.0,p30,bank_to_bank_incoming_shortfall,360,3,3,0.0,10.440924313421545,10.440924313421545,,,mean_of_seed_level_means,exploratory_too_few_clusters,False,0.0,0.0,76.19521873949577,0.20277777777777778,0.0,0.7972222222222223
2.0,p30,bank_to_bank_shortfall_share,360,3,3,0.0,0.007181786234868478,0.007181786234868478,,,mean_of_seed_level_means,exploratory_too_few_clusters,False,0.0,0.0,0.055000245507596135,0.20277777777777778,0.0,0.7972222222222223
2.0,p50,total_bank_incoming_shortfall,840,7,7,550.5670202709614,551.0399863704204,0.47296609945884277,,,mean_of_seed_level_means,exploratory_too_few_clusters,False,0.0,0.0,0.0,0.013095238095238096,0.0,0.986904761904762
2.0,p50,total_bank_payment_shortfall,840,7,7,0.0,0.47296609945884255,0.47296609945884255,,,mean_of_seed_level_means,exploratory_too_few_clusters,False,0.0,0.0,0.0,0.013095238095238096,0.0,0.986904761904762
2.0,p50,mean_loss_to_capital_ratio,840,7,7,0.41899011735626995,0.4194127918860576,0.0004226745297875545,,,mean_of_seed_level_means,exploratory_too_few_clusters,False,0.0,0.0,0.0,0.013095238095238096,0.0,0.986904761904762
2.0,p50,median_loss_to_capital_ratio,840,7,7,0.32743873229713893,0.32766994521241916,0.00023121291527998696,,,mean_of_seed_level_means,exploratory_too_few_clusters,False,0.0,0.0,0.0,0.008333333333333333,0.0,0.9916666666666667
2.0,p50,max_loss_to_capital_ratio,840,7,7,1.2890711223532567,1.2894905661957685,0.00041944384251157133,,,mean_of_seed_level_means,exploratory_too_few_clusters,False,0.0,0.0,0.0,0.0011904761904761906,0.0,0.9988095238095238
2.0,p50,shocked_vulnerable_25_banks,840,7,7,8.63452380952381,8.636904761904761,0.0023809523809523807,,,mean_of_seed_level_means,exploratory_too_few_clusters,False,0.0,0.0,0.0,0.002380952380952381,0.0,0.9976190476190476
2.0,p50,shocked_vulnerable_50_banks,840,7,7,5.425,5.425,0.0,,,mean_of_seed_level_means,exploratory_too_few_clusters,False,0.0,0.0,0.0,0.0,0.0,1.0
2.0,p50,shocked_bank_capital_breaches,840,7,7,2.4416666666666664,2.4476190476190474,0.005952380952380952,,,mean_of_seed_level_means,exploratory_too_few_clusters,False,0.0,0.0,0.0,0.004761904761904762,0.0,0.9952380952380953
2.0,p50,firm_to_bank_incoming_shortfall,840,7,7,550.5670202709615,550.5670202709615,0.0,,,mean_of_seed_level_means,exploratory_too_few_clusters,False,0.0,0.0,0.0,0.0,0.0,1.0
2.0,p50,bank_to_bank_incoming_shortfall,840,7,7,0.0,0.472966099458843,0.472966099458843,,,mean_of_seed_level_means,exploratory_too_few_clusters,False,0.0,0.0,0.0,0.013095238095238096,0.0,0.986904761904762
2.0,p50,bank_to_bank_shortfall_share,840,7,7,0.0,0.0001665128723911201,0.0001665128723911201,,,mean_of_seed_level_means,exploratory_too_few_clusters,False,0.0,0.0,0.0,0.013095238095238096,0.0,0.986904761904762
3.0,p50,total_bank_incoming_shortfall,240,2,2,506.9846622910717,515.4015134301609,8.41685113908947,,,mean_of_seed_level_means,exploratory_too_few_clusters,False,0.0,0.0,61.59781594514311,0.15416666666666667,0.0,0.8458333333333333
3.0,p50,total_bank_payment_shortfall,240,2,2,0.0,8.4168511390895,8.4168511390895,,,mean_of_seed_level_means,exploratory_too_few_clusters,False,0.0,0.0,61.59781594514311,0.15416666666666667,0.0,0.8458333333333333
3.0,p50,mean_loss_to_capital_ratio,240,2,2,0.3811303474604929,0.3901987524482131,0.00906840498772053,,,mean_of_seed_level_means,exploratory_too_few_clusters,False,0.0,0.0,0.06691500823049701,0.15416666666666667,0.0,0.8458333333333333
3.0,p50,median_loss_to_capital_ratio,240,2,2,0.31254900992305157,0.3199634238259623,0.0074144139029109725,,,mean_of_seed_level_means,exploratory_too_few_clusters,False,0.0,0.0,0.026497370778938094,0.15,0.0,0.85
3.0,p50,max_loss_to_capital_ratio,240,2,2,1.1296862521514641,1.139545815006084,0.009859562854621773,,,mean_of_seed_level_means,exploratory_too_few_clusters,False,0.0,0.0,0.008199664404803218,0.0625,0.0,0.9375
3.0,p50,shocked_vulnerable_25_banks,240,2,2,8.304166666666667,8.308333333333334,0.004166666666666667,,,mean_of_seed_level_means,exploratory_too_few_clusters,False,0.0,0.0,0.0,0.004166666666666667,0.0,0.9958333333333333
3.0,p50,shocked_vulnerable_50_banks,240,2,2,5.045833333333333,5.1,0.05416666666666667,,,mean_of_seed_level_means,exploratory_too_few_clusters,False,0.0,0.0,0.04999999999998295,0.05,0.0,0.95
3.0,p50,shocked_bank_capital_breaches,240,2,2,2.158333333333333,2.2583333333333333,0.1,,,mean_of_seed_level_means,exploratory_too_few_clusters,False,0.0,0.0,1.0,0.0625,0.0,0.9375
3.0,p50,firm_to_bank_incoming_shortfall,240,2,2,506.98466229107186,506.98466229107186,0.0,,,mean_of_seed_level_means,exploratory_too_few_clusters,False,0.0,0.0,0.0,0.0,0.0,1.0
3.0,p50,bank_to_bank_incoming_shortfall,240,2,2,0.0,8.416851139089513,8.416851139089513,,,mean_of_seed_level_means,exploratory_too_few_clusters,False,0.0,0.0,61.59781594514323,0.15416666666666667,0.0,0.8458333333333333
3.0,p50,bank_to_bank_shortfall_share,240,2,2,0.0,0.004373280824042648,0.004373280824042648,,,mean_of_seed_level_means,exploratory_too_few_clusters,False,0.0,0.0,0.0383548189709351,0.15416666666666667,0.0,0.8458333333333333
