country,sector,scenario_name,temp_component_raw,drought_component_raw,excess_precip_component_raw,wildfire_component_raw,physical_risk_raw,transition_risk_raw,physical_intensity,transition_intensity,temp_component_scenario,drought_component_scenario,excess_precip_component_scenario,wildfire_component_scenario,transition_component_scenario,raw_shock,shock_index_norm,total_shock,temp_component_share,temp_component_financial_contribution,drought_component_share,drought_component_financial_contribution,excess_precip_component_share,excess_precip_component_financial_contribution,wildfire_component_share,wildfire_component_financial_contribution,transition_component_share,transition_component_financial_contribution,check_sum_financial_contributions,decomposition_error
Brazil,fossil_fuels,orderly_transition,0.0,0.1,0.0,0.0,0.1,1.0,0.0,0.5,0.0,0.0,0.0,0.0,0.5,0.5,0.2752584269662925,0.12459820224719115,0.0,0.0,0.0,0.0,0.0,0.0,0.0,0.0,1.0,0.12459820224719115,0.12459820224719115,0.0
Brazil,fossil_fuels,disorderly_transition,0.0,0.1,0.0,0.0,0.1,1.0,0.0,1.0,0.0,0.0,0.0,0.0,1.0,1.0,0.5811011235955063,0.24081842696629238,0.0,0.0,0.0,0.0,0.0,0.0,0.0,0.0,1.0,0.24081842696629238,0.24081842696629238,0.0
Brazil,fossil_fuels,severe_disorderly_transition,0.0,0.1,0.0,0.0,0.1,1.0,0.0,1.5,0.0,0.0,0.0,0.0,1.5,1.5,0.8869438202247202,0.35703865168539367,0.0,0.0,0.0,0.0,0.0,0.0,0.0,0.0,1.0,0.35703865168539367,0.35703865168539367,0.0
Brazil,fossil_fuels,acute_physical_risk,0.0,0.1,0.0,0.0,0.1,1.0,1.0,0.0,0.0,0.1,0.0,0.0,0.0,0.1,0.030584269662921385,0.03162202247191013,0.0,0.0,1.0,0.03162202247191013,0.0,0.0,0.0,0.0,0.0,0.0,0.03162202247191013,0.0
Brazil,fossil_fuels,combined_transition_physical,0.0,0.1,0.0,0.0,0.1,1.0,1.0,1.0,0.0,0.1,0.0,0.0,1.0,1.1,0.6422696629213491,0.2640624719101127,0.0,0.0,0.09090909090909091,0.0240056792645557,0.0,0.0,0.0,0.0,0.9090909090909091,0.24005679264555696,0.2640624719101127,0.0
Brazil,utilities,orderly_transition,0.0,0.5,0.0,0.0,0.5,0.8,0.0,0.5,0.0,0.0,0.0,0.0,0.4,0.4,0.21408988764044973,0.1013541573033709,0.0,0.0,0.0,0.0,0.0,0.0,0.0,0.0,1.0,0.1013541573033709,0.1013541573033709,0.0
Brazil,utilities,disorderly_transition,0.0,0.5,0.0,0.0,0.5,0.8,0.0,1.0,0.0,0.0,0.0,0.0,0.8,0.8,0.4587640449438208,0.19433033707865188,0.0,0.0,0.0,0.0,0.0,0.0,0.0,0.0,1.0,0.19433033707865188,0.19433033707865188,0.0
Brazil,utilities,severe_disorderly_transition,0.0,0.5,0.0,0.0,0.5,0.8,0.0,1.5,0.0,0.0,0.0,0.0,1.2000000000000002,1.2000000000000002,0.7034382022471919,0.28730651685393294,0.0,0.0,0.0,0.0,0.0,0.0,0.0,0.0,1.0,0.28730651685393294,0.28730651685393294,0.0
Brazil,utilities,acute_physical_risk,0.0,0.5,0.0,0.0,0.5,0.8,1.0,0.0,0.0,0.5,0.0,0.0,0.0,0.5,0.2752584269662925,0.12459820224719115,0.0,0.0,1.0,0.12459820224719115,0.0,0.0,0.0,0.0,0.0,0.0,0.12459820224719115,0.0
Brazil,utilities,combined_transition_physical,0.0,0.5,0.0,0.0,0.5,0.8,1.0,1.0,0.0,0.5,0.0,0.0,0.8,1.3,0.7646067415730347,0.3105505617977532,0.0,0.0,0.3846153846153846,0.1194425237683666,0.0,0.0,0.0,0.0,0.6153846153846154,0.19110803802938658,0.3105505617977532,0.0
Brazil,energy_intensive,orderly_transition,0.0,0.2,0.0,0.0,0.2,0.8,0.0,0.5,0.0,0.0,0.0,0.0,0.4,0.4,0.21408988764044973,0.1013541573033709,0.0,0.0,0.0,0.0,0.0,0.0,0.0,0.0,1.0,0.1013541573033709,0.1013541573033709,0.0
Brazil,energy_intensive,disorderly_transition,0.0,0.2,0.0,0.0,0.2,0.8,0.0,1.0,0.0,0.0,0.0,0.0,0.8,0.8,0.4587640449438208,0.19433033707865188,0.0,0.0,0.0,0.0,0.0,0.0,0.0,0.0,1.0,0.19433033707865188,0.19433033707865188,0.0
Brazil,energy_intensive,severe_disorderly_transition,0.0,0.2,0.0,0.0,0.2,0.8,0.0,1.5,0.0,0.0,0.0,0.0,1.2000000000000002,1.2000000000000002,0.7034382022471919,0.28730651685393294,0.0,0.0,0.0,0.0,0.0,0.0,0.0,0.0,1.0,0.28730651685393294,0.28730651685393294,0.0
Brazil,energy_intensive,acute_physical_risk,0.0,0.2,0.0,0.0,0.2,0.8,1.0,0.0,0.0,0.2,0.0,0.0,0.0,0.2,0.09175280898876417,0.054866067415730385,0.0,0.0,1.0,0.054866067415730385,0.0,0.0,0.0,0.0,0.0,0.0,0.054866067415730385,0.0
Brazil,energy_intensive,combined_transition_physical,0.0,0.2,0.0,0.0,0.2,0.8,1.0,1.0,0.0,0.2,0.0,0.0,0.8,1.0,0.5811011235955063,0.24081842696629238,0.0,0.0,0.2,0.04816368539325848,0.0,0.0,0.0,0.0,0.8,0.19265474157303392,0.2408184269662924,-2.7755575615628914e-17
Brazil,transportation,orderly_transition,0.0,0.2,0.0,0.0,0.2,0.7,0.0,0.5,0.0,0.0,0.0,0.0,0.35,0.35,0.1835056179775283,0.08973213483146075,0.0,0.0,0.0,0.0,0.0,0.0,0.0,0.0,1.0,0.08973213483146075,0.08973213483146075,0.0
Brazil,transportation,disorderly_transition,0.0,0.2,0.0,0.0,0.2,0.7,0.0,1.0,0.0,0.0,0.0,0.0,0.7,0.7,0.39759550561797796,0.17108629213483162,0.0,0.0,0.0,0.0,0.0,0.0,0.0,0.0,1.0,0.17108629213483162,0.17108629213483162,0.0
Brazil,transportation,severe_disorderly_transition,0.0,0.2,0.0,0.0,0.2,0.7,0.0,1.5,0.0,0.0,0.0,0.0,1.0499999999999998,1.0499999999999998,0.6116853932584275,0.2524404494382025,0.0,0.0,0.0,0.0,0.0,0.0,0.0,0.0,1.0,0.2524404494382025,0.2524404494382025,0.0
Brazil,transportation,acute_physical_risk,0.0,0.2,0.0,0.0,0.2,0.7,1.0,0.0,0.0,0.2,0.0,0.0,0.0,0.2,0.09175280898876417,0.054866067415730385,0.0,0.0,1.0,0.054866067415730385,0.0,0.0,0.0,0.0,0.0,0.0,0.054866067415730385,0.0
Brazil,transportation,combined_transition_physical,0.0,0.2,0.0,0.0,0.2,0.7,1.0,1.0,0.0,0.2,0.0,0.0,0.7,0.8999999999999999,0.5199325842696635,0.21757438202247212,0.0,0.0,0.22222222222222227,0.04834986267166048,0.0,0.0,0.0,0.0,0.7777777777777778,0.16922451935081165,0.21757438202247212,0.0
Brazil,buildings_real_estate,orderly_transition,0.0,0.2,0.0,0.0,0.2,0.5,0.0,0.5,0.0,0.0,0.0,0.0,0.25,0.25,0.12233707865168554,0.0664880898876405,0.0,0.0,0.0,0.0,0.0,0.0,0.0,0.0,1.0,0.0664880898876405,0.0664880898876405,0.0
Brazil,buildings_real_estate,disorderly_transition,0.0,0.2,0.0,0.0,0.2,0.5,0.0,1.0,0.0,0.0,0.0,0.0,0.5,0.5,0.2752584269662925,0.12459820224719115,0.0,0.0,0.0,0.0,0.0,0.0,0.0,0.0,1.0,0.12459820224719115,0.12459820224719115,0.0
Brazil,buildings_real_estate,severe_disorderly_transition,0.0,0.2,0.0,0.0,0.2,0.5,0.0,1.5,0.0,0.0,0.0,0.0,0.75,0.75,0.42817977528089934,0.18270831460674175,0.0,0.0,0.0,0.0,0.0,0.0,0.0,0.0,1.0,0.18270831460674175,0.18270831460674175,0.0
Brazil,buildings_real_estate,acute_physical_risk,0.0,0.2,0.0,0.0,0.2,0.5,1.0,0.0,0.0,0.2,0.0,0.0,0.0,0.2,0.09175280898876417,0.054866067415730385,0.0,0.0,1.0,0.054866067415730385,0.0,0.0,0.0,0.0,0.0,0.0,0.054866067415730385,0.0
Brazil,buildings_real_estate,combined_transition_physical,0.0,0.2,0.0,0.0,0.2,0.5,1.0,1.0,0.0,0.2,0.0,0.0,0.5,0.7,0.39759550561797796,0.17108629213483162,0.0,0.0,0.28571428571428575,0.04888179775280904,0.0,0.0,0.0,0.0,0.7142857142857143,0.12220449438202259,0.17108629213483162,0.0
Brazil,agriculture,orderly_transition,0.0,1.0,0.0,0.0,1.0,0.3,0.0,0.5,0.0,0.0,0.0,0.0,0.15,0.15,0.06116853932584276,0.04324404494382025,0.0,0.0,0.0,0.0,0.0,0.0,0.0,0.0,1.0,0.04324404494382025,0.04324404494382025,0.0
Brazil,agriculture,disorderly_transition,0.0,1.0,0.0,0.0,1.0,0.3,0.0,1.0,0.0,0.0,0.0,0.0,0.3,0.3,0.15292134831460694,0.07811011235955063,0.0,0.0,0.0,0.0,0.0,0.0,0.0,0.0,1.0,0.07811011235955063,0.07811011235955063,0.0
Brazil,agriculture,severe_disorderly_transition,0.0,1.0,0.0,0.0,1.0,0.3,0.0,1.5,0.0,0.0,0.0,0.0,0.44999999999999996,0.44999999999999996,0.24467415730337105,0.112976179775281,0.0,0.0,0.0,0.0,0.0,0.0,0.0,0.0,1.0,0.112976179775281,0.112976179775281,0.0
Brazil,agriculture,acute_physical_risk,0.0,1.0,0.0,0.0,1.0,0.3,1.0,0.0,0.0,1.0,0.0,0.0,0.0,1.0,0.5811011235955063,0.24081842696629238,0.0,0.0,1.0,0.24081842696629238,0.0,0.0,0.0,0.0,0.0,0.0,0.24081842696629238,0.0
Brazil,agriculture,combined_transition_physical,0.0,1.0,0.0,0.0,1.0,0.3,1.0,1.0,0.0,1.0,0.0,0.0,0.3,1.3,0.7646067415730347,0.3105505617977532,0.0,0.0,0.7692307692307692,0.2388850475367332,0.0,0.0,0.0,0.0,0.23076923076923075,0.07166551426101997,0.3105505617977532,0.0
Brazil,other_services,orderly_transition,0.0,0.1,0.0,0.0,0.1,0.1,0.0,0.5,0.0,0.0,0.0,0.0,0.05,0.05,0.0,0.02,0.0,0.0,0.0,0.0,0.0,0.0,0.0,0.0,1.0,0.02,0.02,0.0
Brazil,other_services,disorderly_transition,0.0,0.1,0.0,0.0,0.1,0.1,0.0,1.0,0.0,0.0,0.0,0.0,0.1,0.1,0.030584269662921385,0.03162202247191013,0.0,0.0,0.0,0.0,0.0,0.0,0.0,0.0,1.0,0.03162202247191013,0.03162202247191013,0.0
Brazil,other_services,severe_disorderly_transition,0.0,0.1,0.0,0.0,0.1,0.1,0.0,1.5,0.0,0.0,0.0,0.0,0.15000000000000002,0.15000000000000002,0.061168539325842784,0.04324404494382026,0.0,0.0,0.0,0.0,0.0,0.0,0.0,0.0,1.0,0.04324404494382026,0.04324404494382026,0.0
Brazil,other_services,acute_physical_risk,0.0,0.1,0.0,0.0,0.1,0.1,1.0,0.0,0.0,0.1,0.0,0.0,0.0,0.1,0.030584269662921385,0.03162202247191013,0.0,0.0,1.0,0.03162202247191013,0.0,0.0,0.0,0.0,0.0,0.0,0.03162202247191013,0.0
Brazil,other_services,combined_transition_physical,0.0,0.1,0.0,0.0,0.1,0.1,1.0,1.0,0.0,0.1,0.0,0.0,0.1,0.2,0.09175280898876417,0.054866067415730385,0.0,0.0,0.5,0.027433033707865193,0.0,0.0,0.0,0.0,0.5,0.027433033707865193,0.054866067415730385,0.0
Germany,fossil_fuels,orderly_transition,0.15393093313739822,0.0,0.2,0.0,0.3539309331373982,1.0,0.0,0.5,0.0,0.0,0.0,0.0,0.5,0.5,0.2752584269662925,0.12459820224719115,0.0,0.0,0.0,0.0,0.0,0.0,0.0,0.0,1.0,0.12459820224719115,0.12459820224719115,0.0
Germany,fossil_fuels,disorderly_transition,0.15393093313739822,0.0,0.2,0.0,0.3539309331373982,1.0,0.0,1.0,0.0,0.0,0.0,0.0,1.0,1.0,0.5811011235955063,0.24081842696629238,0.0,0.0,0.0,0.0,0.0,0.0,0.0,0.0,1.0,0.24081842696629238,0.24081842696629238,0.0
Germany,fossil_fuels,severe_disorderly_transition,0.15393093313739822,0.0,0.2,0.0,0.3539309331373982,1.0,0.0,1.5,0.0,0.0,0.0,0.0,1.5,1.5,0.8869438202247202,0.35703865168539367,0.0,0.0,0.0,0.0,0.0,0.0,0.0,0.0,1.0,0.35703865168539367,0.35703865168539367,0.0
Germany,fossil_fuels,acute_physical_risk,0.15393093313739822,0.0,0.2,0.0,0.3539309331373982,1.0,1.0,0.0,0.15393093313739822,0.0,0.2,0.0,0.0,0.3539309331373982,0.18591011235955032,0.09064584269662913,0.4349179987544103,0.03942350850102502,0.0,0.0,0.5650820012455898,0.051222334195604124,0.0,0.0,0.0,0.0,0.09064584269662915,-1.3877787807814457e-17
Germany,fossil_fuels,combined_transition_physical,0.15393093313739822,0.0,0.2,0.0,0.3539309331373982,1.0,1.0,1.0,0.15393093313739822,0.0,0.2,0.0,1.0,1.353930933137398,0.7975955056179779,0.3230862921348316,0.1136918651978071,0.0367322831726526,0.0,0.0,0.14771802246703217,0.04772566816036317,0.0,0.0,0.7385901123351608,0.23862834080181586,0.32308629213483164,-5.551115123125783e-17
Germany,utilities,orderly_transition,0.4617927994121946,0.0,0.4,0.0,0.8617927994121946,0.8,0.0,0.5,0.0,0.0,0.0,0.0,0.4,0.4,0.21408988764044973,0.1013541573033709,0.0,0.0,0.0,0.0,0.0,0.0,0.0,0.0,1.0,0.1013541573033709,0.1013541573033709,0.0
Germany,utilities,disorderly_transition,0.4617927994121946,0.0,0.4,0.0,0.8617927994121946,0.8,0.0,1.0,0.0,0.0,0.0,0.0,0.8,0.8,0.4587640449438208,0.19433033707865188,0.0,0.0,0.0,0.0,0.0,0.0,0.0,0.0,1.0,0.19433033707865188,0.19433033707865188,0.0
Germany,utilities,severe_disorderly_transition,0.4617927994121946,0.0,0.4,0.0,0.8617927994121946,0.8,0.0,1.5,0.0,0.0,0.0,0.0,1.2000000000000002,1.2000000000000002,0.7034382022471919,0.28730651685393294,0.0,0.0,0.0,0.0,0.0,0.0,0.0,0.0,1.0,0.28730651685393294,0.28730651685393294,0.0
Germany,utilities,acute_physical_risk,0.4617927994121946,0.0,0.4,0.0,0.8617927994121946,0.8,1.0,0.0,0.4617927994121946,0.0,0.4,0.0,0.0,0.8617927994121946,0.4965617977528081,0.2086934831460671,0.53585130872197,0.11182867606556643,0.0,0.0,0.4641486912780301,0.09686480708050067,0.0,0.0,0.0,0.0,0.20869348314606712,-2.7755575615628914e-17
Germany,utilities,combined_transition_physical,0.4617927994121946,0.0,0.4,0.0,0.8617927994121946,0.8,1.0,1.0,0.4617927994121946,0.0,0.4,0.0,0.8,1.6617927994121946,0.9859101123595503,0.3946458426966291,0.27788831410001225,0.1096674678935449,0.0,0.0,0.24070389529999592,0.09499279160102807,0.0,0.0,0.48140779059999184,0.18998558320205614,0.39464584269662906,5.551115123125783e-17
Germany,energy_intensive,orderly_transition,0.2308963997060973,0.0,0.2,0.0,0.4308963997060973,0.8,0.0,0.5,0.0,0.0,0.0,0.0,0.4,0.4,0.21408988764044973,0.1013541573033709,0.0,0.0,0.0,0.0,0.0,0.0,0.0,0.0,1.0,0.1013541573033709,0.1013541573033709,0.0
Germany,energy_intensive,disorderly_transition,0.2308963997060973,0.0,0.2,0.0,0.4308963997060973,0.8,0.0,1.0,0.0,0.0,0.0,0.0,0.8,0.8,0.4587640449438208,0.19433033707865188,0.0,0.0,0.0,0.0,0.0,0.0,0.0,0.0,1.0,0.19433033707865188,0.19433033707865188,0.0
Germany,energy_intensive,severe_disorderly_transition,0.2308963997060973,0.0,0.2,0.0,0.4308963997060973,0.8,0.0,1.5,0.0,0.0,0.0,0.0,1.2000000000000002,1.2000000000000002,0.7034382022471919,0.28730651685393294,0.0,0.0,0.0,0.0,0.0,0.0,0.0,0.0,1.0,0.28730651685393294,0.28730651685393294,0.0
Germany,energy_intensive,acute_physical_risk,0.2308963997060973,0.0,0.2,0.0,0.4308963997060973,0.8,1.0,0.0,0.2308963997060973,0.0,0.2,0.0,0.0,0.4308963997060973,0.2329887640449434,0.1085357303370785,0.53585130872197,0.058159013144218334,0.0,0.0,0.4641486912780301,0.050376717192860174,0.0,0.0,0.0,0.0,0.1085357303370785,0.0
Germany,energy_intensive,combined_transition_physical,0.2308963997060973,0.0,0.2,0.0,0.4308963997060973,0.8,1.0,1.0,0.2308963997060973,0.0,0.2,0.0,0.8,1.2308963997060973,0.7223370786516855,0.2944880898876405,0.18758394269511935,0.05524123697787832,0.0,0.0,0.16248321146097613,0.04784937058195244,0.0,0.0,0.6499328458439045,0.19139748232780976,0.2944880898876405,0.0
Germany,transportation,orderly_transition,0.30786186627479645,0.0,0.5,0.0,0.8078618662747965,0.7,0.0,0.5,0.0,0.0,0.0,0.0,0.35,0.35,0.1835056179775283,0.08973213483146075,0.0,0.0,0.0,0.0,0.0,0.0,0.0,0.0,1.0,0.08973213483146075,0.08973213483146075,0.0
Germany,transportation,disorderly_transition,0.30786186627479645,0.0,0.5,0.0,0.8078618662747965,0.7,0.0,1.0,0.0,0.0,0.0,0.0,0.7,0.7,0.39759550561797796,0.17108629213483162,0.0,0.0,0.0,0.0,0.0,0.0,0.0,0.0,1.0,0.17108629213483162,0.17108629213483162,0.0
Germany,transportation,severe_disorderly_transition,0.30786186627479645,0.0,0.5,0.0,0.8078618662747965,0.7,0.0,1.5,0.0,0.0,0.0,0.0,1.0499999999999998,1.0499999999999998,0.6116853932584275,0.2524404494382025,0.0,0.0,0.0,0.0,0.0,0.0,0.0,0.0,1.0,0.2524404494382025,0.2524404494382025,0.0
Germany,transportation,acute_physical_risk,0.30786186627479645,0.0,0.5,0.0,0.8078618662747965,0.7,1.0,0.0,0.30786186627479645,0.0,0.5,0.0,0.0,0.8078618662747965,0.46357303370786485,0.19615775280898864,0.381082310140972,0.07475224959251113,0.0,0.0,0.618917689859028,0.1214055032164775,0.0,0.0,0.0,0.0,0.19615775280898862,2.7755575615628914e-17
Germany,transportation,combined_transition_physical,0.30786186627479645,0.0,0.5,0.0,0.8078618662747965,0.7,1.0,1.0,0.30786186627479645,0.0,0.5,0.0,0.7,1.5078618662747965,0.8917528089887642,0.3588660674157304,0.20417113341779475,0.07327009172945642,0.0,0.0,0.33159536107591886,0.11899832320261416,0.0,0.0,0.46423350550628634,0.1665976524836598,0.35886606741573035,5.551115123125783e-17
Germany,buildings_real_estate,orderly_transition,0.3848273328434955,0.0,0.8,0.0,1.1848273328434955,0.5,0.0,0.5,0.0,0.0,0.0,0.0,0.25,0.25,0.12233707865168554,0.0664880898876405,0.0,0.0,0.0,0.0,0.0,0.0,0.0,0.0,1.0,0.0664880898876405,0.0664880898876405,0.0
Germany,buildings_real_estate,disorderly_transition,0.3848273328434955,0.0,0.8,0.0,1.1848273328434955,0.5,0.0,1.0,0.0,0.0,0.0,0.0,0.5,0.5,0.2752584269662925,0.12459820224719115,0.0,0.0,0.0,0.0,0.0,0.0,0.0,0.0,1.0,0.12459820224719115,0.12459820224719115,0.0
Germany,buildings_real_estate,severe_disorderly_transition,0.3848273328434955,0.0,0.8,0.0,1.1848273328434955,0.5,0.0,1.5,0.0,0.0,0.0,0.0,0.75,0.75,0.42817977528089934,0.18270831460674175,0.0,0.0,0.0,0.0,0.0,0.0,0.0,0.0,1.0,0.18270831460674175,0.18270831460674175,0.0
Germany,buildings_real_estate,acute_physical_risk,0.3848273328434955,0.0,0.8,0.0,1.1848273328434955,0.5,1.0,0.0,0.3848273328434955,0.0,0.8,0.0,0.0,1.1848273328434955,0.6941573033707862,0.28377977528089876,0.3247961303525461,0.09217057288355104,0.0,0.0,0.6752038696474539,0.19160920239734774,0.0,0.0,0.0,0.0,0.2837797752808988,-5.551115123125783e-17
Germany,buildings_real_estate,combined_transition_physical,0.3848273328434955,0.0,0.8,0.0,1.1848273328434955,0.5,1.0,1.0,0.3848273328434955,0.0,0.8,0.0,0.5,1.6848273328434955,1.0,0.4,0.2284075794247827,0.09136303176991309,0.0,0.0,0.4748261049693645,0.1899304419877458,0.0,0.0,0.2967663156058528,0.11870652624234113,0.4,0.0
Germany,agriculture,orderly_transition,0.6157237325495929,0.0,0.5,0.0,1.115723732549593,0.3,0.0,0.5,0.0,0.0,0.0,0.0,0.15,0.15,0.06116853932584276,0.04324404494382025,0.0,0.0,0.0,0.0,0.0,0.0,0.0,0.0,1.0,0.04324404494382025,0.04324404494382025,0.0
Germany,agriculture,disorderly_transition,0.6157237325495929,0.0,0.5,0.0,1.115723732549593,0.3,0.0,1.0,0.0,0.0,0.0,0.0,0.3,0.3,0.15292134831460694,0.07811011235955063,0.0,0.0,0.0,0.0,0.0,0.0,0.0,0.0,1.0,0.07811011235955063,0.07811011235955063,0.0
Germany,agriculture,severe_disorderly_transition,0.6157237325495929,0.0,0.5,0.0,1.115723732549593,0.3,0.0,1.5,0.0,0.0,0.0,0.0,0.44999999999999996,0.44999999999999996,0.24467415730337105,0.112976179775281,0.0,0.0,0.0,0.0,0.0,0.0,0.0,0.0,1.0,0.112976179775281,0.112976179775281,0.0
Germany,agriculture,acute_physical_risk,0.6157237325495929,0.0,0.5,0.0,1.115723732549593,0.3,1.0,0.0,0.6157237325495929,0.0,0.5,0.0,0.0,1.115723732549593,0.6518876404494371,0.26771730337078614,0.5518603885413225,0.14774257505743713,0.0,0.0,0.4481396114586775,0.11997472831334899,0.0,0.0,0.0,0.0,0.26771730337078614,0.0
Germany,agriculture,combined_transition_physical,0.6157237325495929,0.0,0.5,0.0,1.115723732549593,0.3,1.0,1.0,0.6157237325495929,0.0,0.5,0.0,0.3,1.415723732549593,0.8353932584269655,0.33744943820224693,0.43491799875441023,0.14676283434372125,0.0,0.0,0.3531762507784936,0.11917912741157853,0.0,0.0,0.21190575046709612,0.0715074764469471,0.3374494382022469,5.551115123125783e-17
Germany,other_services,orderly_transition,0.15393093313739822,0.0,0.2,0.0,0.3539309331373982,0.1,0.0,0.5,0.0,0.0,0.0,0.0,0.05,0.05,0.0,0.02,0.0,0.0,0.0,0.0,0.0,0.0,0.0,0.0,1.0,0.02,0.02,0.0
Germany,other_services,disorderly_transition,0.15393093313739822,0.0,0.2,0.0,0.3539309331373982,0.1,0.0,1.0,0.0,0.0,0.0,0.0,0.1,0.1,0.030584269662921385,0.03162202247191013,0.0,0.0,0.0,0.0,0.0,0.0,0.0,0.0,1.0,0.03162202247191013,0.03162202247191013,0.0
Germany,other_services,severe_disorderly_transition,0.15393093313739822,0.0,0.2,0.0,0.3539309331373982,0.1,0.0,1.5,0.0,0.0,0.0,0.0,0.15000000000000002,0.15000000000000002,0.061168539325842784,0.04324404494382026,0.0,0.0,0.0,0.0,0.0,0.0,0.0,0.0,1.0,0.04324404494382026,0.04324404494382026,0.0
Germany,other_services,acute_physical_risk,0.15393093313739822,0.0,0.2,0.0,0.3539309331373982,0.1,1.0,0.0,0.15393093313739822,0.0,0.2,0.0,0.0,0.3539309331373982,0.18591011235955032,0.09064584269662913,0.4349179987544103,0.03942350850102502,0.0,0.0,0.5650820012455898,0.051222334195604124,0.0,0.0,0.0,0.0,0.09064584269662915,-1.3877787807814457e-17
Germany,other_services,combined_transition_physical,0.15393093313739822,0.0,0.2,0.0,0.3539309331373982,0.1,1.0,1.0,0.15393093313739822,0.0,0.2,0.0,0.1,0.4539309331373982,0.24707865168539309,0.11388988764044938,0.33910650696018024,0.0386208019758402,0.0,0.0,0.4405956620265466,0.050179390443072805,0.0,0.0,0.2202978310132733,0.025089695221536402,0.11388988764044941,-2.7755575615628914e-17
Italy,fossil_fuels,orderly_transition,0.16770756796473107,0.005918775377189835,0.0,0.0,0.1736263433419209,1.0,0.0,0.5,0.0,0.0,0.0,0.0,0.5,0.5,0.2752584269662925,0.12459820224719115,0.0,0.0,0.0,0.0,0.0,0.0,0.0,0.0,1.0,0.12459820224719115,0.12459820224719115,0.0
Italy,fossil_fuels,disorderly_transition,0.16770756796473107,0.005918775377189835,0.0,0.0,0.1736263433419209,1.0,0.0,1.0,0.0,0.0,0.0,0.0,1.0,1.0,0.5811011235955063,0.24081842696629238,0.0,0.0,0.0,0.0,0.0,0.0,0.0,0.0,1.0,0.24081842696629238,0.24081842696629238,0.0
Italy,fossil_fuels,severe_disorderly_transition,0.16770756796473107,0.005918775377189835,0.0,0.0,0.1736263433419209,1.0,0.0,1.5,0.0,0.0,0.0,0.0,1.5,1.5,0.8869438202247202,0.35703865168539367,0.0,0.0,0.0,0.0,0.0,0.0,0.0,0.0,1.0,0.35703865168539367,0.35703865168539367,0.0
Italy,fossil_fuels,acute_physical_risk,0.16770756796473107,0.005918775377189835,0.0,0.0,0.1736263433419209,1.0,1.0,0.0,0.16770756796473107,0.005918775377189835,0.0,0.0,0.0,0.1736263433419209,0.07562042844420429,0.04873576280879763,0.9659108447297423,0.04707440182319408,0.03408915527025781,0.0016613609856035584,0.0,0.0,0.0,0.0,0.0,0.0,0.048735762808797635,-6.938893903907228e-18
Italy,fossil_fuels,combined_transition_physical,0.16770756796473107,0.005918775377189835,0.0,0.0,0.1736263433419209,1.0,1.0,1.0,0.16770756796473107,0.005918775377189835,0.0,0.0,1.0,1.173626343341921,0.687305821702632,0.2811762122470002,0.14289690148499984,0.04017920950138499,0.005043151434668739,0.0014180142181881808,0.0,0.0,0.0,0.0,0.8520599470803314,0.239578988527427,0.2811762122470002,0.0
Italy,utilities,orderly_transition,0.5031227038941932,0.029593876885949173,0.0,0.0,0.5327165807801424,0.8,0.0,0.5,0.0,0.0,0.0,0.0,0.4,0.4,0.21408988764044973,0.1013541573033709,0.0,0.0,0.0,0.0,0.0,0.0,0.0,0.0,1.0,0.1013541573033709,0.1013541573033709,0.0
Italy,utilities,disorderly_transition,0.5031227038941932,0.029593876885949173,0.0,0.0,0.5327165807801424,0.8,0.0,1.0,0.0,0.0,0.0,0.0,0.8,0.8,0.4587640449438208,0.19433033707865188,0.0,0.0,0.0,0.0,0.0,0.0,0.0,0.0,1.0,0.19433033707865188,0.19433033707865188,0.0
Italy,utilities,severe_disorderly_transition,0.5031227038941932,0.029593876885949173,0.0,0.0,0.5327165807801424,0.8,0.0,1.5,0.0,0.0,0.0,0.0,1.2000000000000002,1.2000000000000002,0.7034382022471919,0.28730651685393294,0.0,0.0,0.0,0.0,0.0,0.0,0.0,0.0,1.0,0.28730651685393294,0.28730651685393294,0.0
Italy,utilities,acute_physical_risk,0.5031227038941932,0.029593876885949173,0.0,0.0,0.5327165807801424,0.8,1.0,0.0,0.5031227038941932,0.029593876885949173,0.0,0.0,0.0,0.5327165807801424,0.295270681546865,0.1322028589878087,0.9444472390128911,0.1248586251606465,0.055552760987108964,0.007344233827162207,0.0,0.0,0.0,0.0,0.0,0.0,0.1322028589878087,0.0
Italy,utilities,combined_transition_physical,0.5031227038941932,0.029593876885949173,0.0,0.0,0.5327165807801424,0.8,1.0,1.0,0.5031227038941932,0.029593876885949173,0.0,0.0,0.8,1.3327165807801424,0.7846189961536072,0.31815521853837075,0.3775166536906718,0.12010889345683011,0.02220567922147827,0.007064852725502377,0.0,0.0,0.0,0.0,0.6002776670878499,0.19098147235603824,0.3181552185383707,5.551115123125783e-17
Italy,energy_intensive,orderly_transition,0.2515613519470966,0.01183755075437967,0.0,0.0,0.26339890270147626,0.8,0.0,0.5,0.0,0.0,0.0,0.0,0.4,0.4,0.21408988764044973,0.1013541573033709,0.0,0.0,0.0,0.0,0.0,0.0,0.0,0.0,1.0,0.1013541573033709,0.1013541573033709,0.0
Italy,energy_intensive,disorderly_transition,0.2515613519470966,0.01183755075437967,0.0,0.0,0.26339890270147626,0.8,0.0,1.0,0.0,0.0,0.0,0.0,0.8,0.8,0.4587640449438208,0.19433033707865188,0.0,0.0,0.0,0.0,0.0,0.0,0.0,0.0,1.0,0.19433033707865188,0.19433033707865188,0.0
Italy,energy_intensive,severe_disorderly_transition,0.2515613519470966,0.01183755075437967,0.0,0.0,0.26339890270147626,0.8,0.0,1.5,0.0,0.0,0.0,0.0,1.2000000000000002,1.2000000000000002,0.7034382022471919,0.28730651685393294,0.0,0.0,0.0,0.0,0.0,0.0,0.0,0.0,1.0,0.28730651685393294,0.28730651685393294,0.0
Italy,energy_intensive,acute_physical_risk,0.2515613519470966,0.01183755075437967,0.0,0.0,0.26339890270147626,0.8,1.0,0.0,0.2515613519470966,0.01183755075437967,0.0,0.0,0.0,0.26339890270147626,0.13053299171986946,0.06960253685355039,0.9550584659504229,0.06647449207360961,0.044941534049577216,0.0031280447799407877,0.0,0.0,0.0,0.0,0.0,0.0,0.0696025368535504,-1.3877787807814457e-17
Italy,energy_intensive,combined_transition_physical,0.2515613519470966,0.01183755075437967,0.0,0.0,0.26339890270147626,0.8,1.0,1.0,0.2515613519470966,0.01183755075437967,0.0,0.0,0.8,1.0633989027014763,0.6198813063266116,0.25555489640411244,0.23656348648472925,0.060454957281600635,0.011131806440938917,0.0028447876418047765,0.0,0.0,0.0,0.0,0.7523047070743318,0.19225515148070701,0.25555489640411244,0.0
Italy,transportation,orderly_transition,0.33541513592946215,0.01183755075437967,0.0,0.0,0.3472526866838418,0.7,0.0,0.5,0.0,0.0,0.0,0.0,0.35,0.35,0.1835056179775283,0.08973213483146075,0.0,0.0,0.0,0.0,0.0,0.0,0.0,0.0,1.0,0.08973213483146075,0.08973213483146075,0.0
Italy,transportation,disorderly_transition,0.33541513592946215,0.01183755075437967,0.0,0.0,0.3472526866838418,0.7,0.0,1.0,0.0,0.0,0.0,0.0,0.7,0.7,0.39759550561797796,0.17108629213483162,0.0,0.0,0.0,0.0,0.0,0.0,0.0,0.0,1.0,0.17108629213483162,0.17108629213483162,0.0
Italy,transportation,severe_disorderly_transition,0.33541513592946215,0.01183755075437967,0.0,0.0,0.3472526866838418,0.7,0.0,1.5,0.0,0.0,0.0,0.0,1.0499999999999998,1.0499999999999998,0.6116853932584275,0.2524404494382025,0.0,0.0,0.0,0.0,0.0,0.0,0.0,0.0,1.0,0.2524404494382025,0.2524404494382025,0.0
Italy,transportation,acute_physical_risk,0.33541513592946215,0.01183755075437967,0.0,0.0,0.3472526866838418,0.7,1.0,0.0,0.33541513592946215,0.01183755075437967,0.0,0.0,0.0,0.3472526866838418,0.18182512655132996,0.08909354808950538,0.9659108447297423,0.08605642429510406,0.03408915527025781,0.0030371237944013304,0.0,0.0,0.0,0.0,0.0,0.0,0.08909354808950538,0.0
Italy,transportation,combined_transition_physical,0.33541513592946215,0.01183755075437967,0.0,0.0,0.3472526866838418,0.7,1.0,1.0,0.33541513592946215,0.01183755075437967,0.0,0.0,0.7,1.0472526866838416,0.6100049018322292,0.2518018626962471,0.32028099826753814,0.0806473519499796,0.01130343316842055,0.0028462255266708367,0.0,0.0,0.0,0.0,0.6684155685640414,0.1683082852195967,0.25180186269624716,-5.551115123125783e-17
Italy,buildings_real_estate,orderly_transition,0.4192689199118277,0.01183755075437967,0.0,0.0,0.43110647066620733,0.5,0.0,0.5,0.0,0.0,0.0,0.0,0.25,0.25,0.12233707865168554,0.0664880898876405,0.0,0.0,0.0,0.0,0.0,0.0,0.0,0.0,1.0,0.0664880898876405,0.0664880898876405,0.0
Italy,buildings_real_estate,disorderly_transition,0.4192689199118277,0.01183755075437967,0.0,0.0,0.43110647066620733,0.5,0.0,1.0,0.0,0.0,0.0,0.0,0.5,0.5,0.2752584269662925,0.12459820224719115,0.0,0.0,0.0,0.0,0.0,0.0,0.0,0.0,1.0,0.12459820224719115,0.12459820224719115,0.0
Italy,buildings_real_estate,severe_disorderly_transition,0.4192689199118277,0.01183755075437967,0.0,0.0,0.43110647066620733,0.5,0.0,1.5,0.0,0.0,0.0,0.0,0.75,0.75,0.42817977528089934,0.18270831460674175,0.0,0.0,0.0,0.0,0.0,0.0,0.0,0.0,1.0,0.18270831460674175,0.18270831460674175,0.0
Italy,buildings_real_estate,acute_physical_risk,0.4192689199118277,0.01183755075437967,0.0,0.0,0.43110647066620733,0.5,1.0,0.0,0.4192689199118277,0.01183755075437967,0.0,0.0,0.0,0.43110647066620733,0.23311726138279049,0.10858455932546039,0.9725414681526664,0.10560298674509355,0.027458531847333666,0.002981572580366846,0.0,0.0,0.0,0.0,0.0,0.0,0.10858455932546039,0.0
Italy,buildings_real_estate,combined_transition_physical,0.4192689199118277,0.01183755075437967,0.0,0.0,0.43110647066620733,0.5,1.0,1.0,0.4192689199118277,0.01183755075437967,0.0,0.0,0.5,0.9311064706662073,0.5389599580120042,0.2248047840445616,0.4502910602821184,0.1012275845639183,0.012713423359532551,0.0028580383928068,0.0,0.0,0.0,0.0,0.5369955163583491,0.12071916108783652,0.2248047840445616,0.0
Italy,agriculture,orderly_transition,0.6708302718589243,0.059187753771898347,0.0,0.0,0.7300180256308226,0.3,0.0,0.5,0.0,0.0,0.0,0.0,0.15,0.15,0.06116853932584276,0.04324404494382025,0.0,0.0,0.0,0.0,0.0,0.0,0.0,0.0,1.0,0.04324404494382025,0.04324404494382025,0.0
Italy,agriculture,disorderly_transition,0.6708302718589243,0.059187753771898347,0.0,0.0,0.7300180256308226,0.3,0.0,1.0,0.0,0.0,0.0,0.0,0.3,0.3,0.15292134831460694,0.07811011235955063,0.0,0.0,0.0,0.0,0.0,0.0,0.0,0.0,1.0,0.07811011235955063,0.07811011235955063,0.0
Italy,agriculture,severe_disorderly_transition,0.6708302718589243,0.059187753771898347,0.0,0.0,0.7300180256308226,0.3,0.0,1.5,0.0,0.0,0.0,0.0,0.44999999999999996,0.44999999999999996,0.24467415730337105,0.112976179775281,0.0,0.0,0.0,0.0,0.0,0.0,0.0,0.0,1.0,0.112976179775281,0.112976179775281,0.0
Italy,agriculture,acute_physical_risk,0.6708302718589243,0.059187753771898347,0.0,0.0,0.7300180256308226,0.3,1.0,0.0,0.6708302718589243,0.059187753771898347,0.0,0.0,0.0,0.7300180256308226,0.4159570934308093,0.17806369550370751,0.9189228872523345,0.16362680518708744,0.08107711274766546,0.014436890316620066,0.0,0.0,0.0,0.0,0.0,0.0,0.17806369550370751,0.0
Italy,agriculture,combined_transition_physical,0.6708302718589243,0.059187753771898347,0.0,0.0,0.7300180256308226,0.3,1.0,1.0,0.6708302718589243,0.059187753771898347,0.0,0.0,0.3,1.0300180256308227,0.5994627114083376,0.24779583033516828,0.6512801282755047,0.1613845001668236,0.057462832978723344,0.014239050411373843,0.0,0.0,0.0,0.0,0.2912570387457719,0.07217227975697083,0.24779583033516828,0.0
Italy,other_services,orderly_transition,0.16770756796473107,0.005918775377189835,0.0,0.0,0.1736263433419209,0.1,0.0,0.5,0.0,0.0,0.0,0.0,0.05,0.05,0.0,0.02,0.0,0.0,0.0,0.0,0.0,0.0,0.0,0.0,1.0,0.02,0.02,0.0
Italy,other_services,disorderly_transition,0.16770756796473107,0.005918775377189835,0.0,0.0,0.1736263433419209,0.1,0.0,1.0,0.0,0.0,0.0,0.0,0.1,0.1,0.030584269662921385,0.03162202247191013,0.0,0.0,0.0,0.0,0.0,0.0,0.0,0.0,1.0,0.03162202247191013,0.03162202247191013,0.0
Italy,other_services,severe_disorderly_transition,0.16770756796473107,0.005918775377189835,0.0,0.0,0.1736263433419209,0.1,0.0,1.5,0.0,0.0,0.0,0.0,0.15000000000000002,0.15000000000000002,0.061168539325842784,0.04324404494382026,0.0,0.0,0.0,0.0,0.0,0.0,0.0,0.0,1.0,0.04324404494382026,0.04324404494382026,0.0
Italy,other_services,acute_physical_risk,0.16770756796473107,0.005918775377189835,0.0,0.0,0.1736263433419209,0.1,1.0,0.0,0.16770756796473107,0.005918775377189835,0.0,0.0,0.0,0.1736263433419209,0.07562042844420429,0.04873576280879763,0.9659108447297423,0.04707440182319408,0.03408915527025781,0.0016613609856035584,0.0,0.0,0.0,0.0,0.0,0.0,0.048735762808797635,-6.938893903907228e-18
Italy,other_services,combined_transition_physical,0.16770756796473107,0.005918775377189835,0.0,0.0,0.1736263433419209,0.1,1.0,1.0,0.16770756796473107,0.005918775377189835,0.0,0.0,0.1,0.27362634334192093,0.1367889677700471,0.07197980775261789,0.6129072439314268,0.04411694558837098,0.0216308682303801,0.0015569857367449696,0.0,0.0,0.0,0.0,0.36546188783819306,0.02630587642750194,0.07197980775261789,0.0
Spain,fossil_fuels,orderly_transition,0.12296105804555407,0.0,0.004218103346891981,0.1,0.22717916139244607,1.0,0.0,0.5,0.0,0.0,0.0,0.0,0.5,0.5,0.2752584269662925,0.12459820224719115,0.0,0.0,0.0,0.0,0.0,0.0,0.0,0.0,1.0,0.12459820224719115,0.12459820224719115,0.0
Spain,fossil_fuels,disorderly_transition,0.12296105804555407,0.0,0.004218103346891981,0.1,0.22717916139244607,1.0,0.0,1.0,0.0,0.0,0.0,0.0,1.0,1.0,0.5811011235955063,0.24081842696629238,0.0,0.0,0.0,0.0,0.0,0.0,0.0,0.0,1.0,0.24081842696629238,0.24081842696629238,0.0
Spain,fossil_fuels,severe_disorderly_transition,0.12296105804555407,0.0,0.004218103346891981,0.1,0.22717916139244607,1.0,0.0,1.5,0.0,0.0,0.0,0.0,1.5,1.5,0.8869438202247202,0.35703865168539367,0.0,0.0,0.0,0.0,0.0,0.0,0.0,0.0,1.0,0.35703865168539367,0.35703865168539367,0.0
Spain,fossil_fuels,acute_physical_risk,0.12296105804555407,0.0,0.004218103346891981,0.1,0.22717916139244607,1.0,1.0,0.0,0.12296105804555407,0.0,0.004218103346891981,0.1,0.0,0.22717916139244607,0.1083779050135368,0.06118360390514398,0.5412514831549274,0.03311571635842279,0.0,0.0,0.018567298695170893,0.0011360142489538325,0.4401812181499016,0.02693187329776735,0.0,0.0,0.06118360390514398,0.0
Spain,fossil_fuels,combined_transition_physical,0.12296105804555407,0.0,0.004218103346891981,0.1,0.22717916139244607,1.0,1.0,1.0,0.12296105804555407,0.0,0.004218103346891981,0.1,1.0,1.227179161392446,0.7200632982719645,0.2936240533433465,0.10019813073262553,0.029420581283140044,0.0,0.0,0.0034372351483754147,0.0010092549165602084,0.0814876940108181,0.02392674701305875,0.8148769401081809,0.2392674701305875,0.2936240533433465,0.0
Spain,utilities,orderly_transition,0.36888317413666216,0.0,0.008436206693783962,0.3,0.6773193808304461,0.8,0.0,0.5,0.0,0.0,0.0,0.0,0.4,0.4,0.21408988764044973,0.1013541573033709,0.0,0.0,0.0,0.0,0.0,0.0,0.0,0.0,1.0,0.1013541573033709,0.1013541573033709,0.0
Spain,utilities,disorderly_transition,0.36888317413666216,0.0,0.008436206693783962,0.3,0.6773193808304461,0.8,0.0,1.0,0.0,0.0,0.0,0.0,0.8,0.8,0.4587640449438208,0.19433033707865188,0.0,0.0,0.0,0.0,0.0,0.0,0.0,0.0,1.0,0.19433033707865188,0.19433033707865188,0.0
Spain,utilities,severe_disorderly_transition,0.36888317413666216,0.0,0.008436206693783962,0.3,0.6773193808304461,0.8,0.0,1.5,0.0,0.0,0.0,0.0,1.2000000000000002,1.2000000000000002,0.7034382022471919,0.28730651685393294,0.0,0.0,0.0,0.0,0.0,0.0,0.0,0.0,1.0,0.28730651685393294,0.28730651685393294,0.0
Spain,utilities,acute_physical_risk,0.36888317413666216,0.0,0.008436206693783962,0.3,0.6773193808304461,0.8,1.0,0.0,0.36888317413666216,0.0,0.008436206693783962,0.3,0.0,0.6773193808304461,0.3837221021619048,0.1658143988215238,0.544622204202075,0.09030620337462023,0.0,0.0,0.01245528613612166,0.002065265782811073,0.44292250966180347,0.07344292966409251,0.0,0.0,0.16581439882152382,-2.7755575615628914e-17
Spain,utilities,combined_transition_physical,0.36888317413666216,0.0,0.008436206693783962,0.3,0.6773193808304461,0.8,1.0,1.0,0.36888317413666216,0.0,0.008436206693783962,0.3,0.8,1.4773193808304461,0.8730704167686469,0.3517667583720859,0.24969764759283244,0.08783533206686614,0.0,0.0,0.00571048265070598,0.002008757970778879,0.20307050993358042,0.07143345500030204,0.5415213598228812,0.19048921333413882,0.3517667583720859,0.0
Spain,energy_intensive,orderly_transition,0.18444158706833108,0.0,0.004218103346891981,0.1,0.2886596904152231,0.8,0.0,0.5,0.0,0.0,0.0,0.0,0.4,0.4,0.21408988764044973,0.1013541573033709,0.0,0.0,0.0,0.0,0.0,0.0,0.0,0.0,1.0,0.1013541573033709,0.1013541573033709,0.0
Spain,energy_intensive,disorderly_transition,0.18444158706833108,0.0,0.004218103346891981,0.1,0.2886596904152231,0.8,0.0,1.0,0.0,0.0,0.0,0.0,0.8,0.8,0.4587640449438208,0.19433033707865188,0.0,0.0,0.0,0.0,0.0,0.0,0.0,0.0,1.0,0.19433033707865188,0.19433033707865188,0.0
Spain,energy_intensive,severe_disorderly_transition,0.18444158706833108,0.0,0.004218103346891981,0.1,0.2886596904152231,0.8,0.0,1.5,0.0,0.0,0.0,0.0,1.2000000000000002,1.2000000000000002,0.7034382022471919,0.28730651685393294,0.0,0.0,0.0,0.0,0.0,0.0,0.0,0.0,1.0,0.28730651685393294,0.28730651685393294,0.0
Spain,energy_intensive,acute_physical_risk,0.18444158706833108,0.0,0.004218103346891981,0.1,0.2886596904152231,0.8,1.0,0.0,0.18444158706833108,0.0,0.004218103346891981,0.1,0.0,0.2886596904152231,0.14598464658657037,0.07547416570289674,0.6389585840787839,0.04822486605205041,0.0,0.0,0.014612720400359476,0.0011028828808668306,0.3464286955208564,0.026146416769979478,0.0,0.0,0.07547416570289672,1.3877787807814457e-17
Spain,energy_intensive,combined_transition_physical,0.18444158706833108,0.0,0.004218103346891981,0.1,0.2886596904152231,0.8,1.0,1.0,0.18444158706833108,0.0,0.004218103346891981,0.1,0.8,1.088659690415223,0.6353329611933124,0.2614265252534587,0.16942079209158895,0.04429108898219276,0.0,0.0,0.0038745839347493105,0.0010129190148643861,0.09185606933040687,0.024013613028489065,0.7348485546432549,0.19210890422791252,0.2614265252534587,0.0
Spain,transportation,orderly_transition,0.24592211609110814,0.0,0.010545258367229953,0.2,0.4564673744583381,0.7,0.0,0.5,0.0,0.0,0.0,0.0,0.35,0.35,0.1835056179775283,0.08973213483146075,0.0,0.0,0.0,0.0,0.0,0.0,0.0,0.0,1.0,0.08973213483146075,0.08973213483146075,0.0
Spain,transportation,disorderly_transition,0.24592211609110814,0.0,0.010545258367229953,0.2,0.4564673744583381,0.7,0.0,1.0,0.0,0.0,0.0,0.0,0.7,0.7,0.39759550561797796,0.17108629213483162,0.0,0.0,0.0,0.0,0.0,0.0,0.0,0.0,1.0,0.17108629213483162,0.17108629213483162,0.0
Spain,transportation,severe_disorderly_transition,0.24592211609110814,0.0,0.010545258367229953,0.2,0.4564673744583381,0.7,0.0,1.5,0.0,0.0,0.0,0.0,1.0499999999999998,1.0499999999999998,0.6116853932584275,0.2524404494382025,0.0,0.0,0.0,0.0,0.0,0.0,0.0,0.0,1.0,0.2524404494382025,0.2524404494382025,0.0
Spain,transportation,acute_physical_risk,0.24592211609110814,0.0,0.010545258367229953,0.2,0.4564673744583381,0.7,1.0,0.0,0.24592211609110814,0.0,0.010545258367229953,0.2,0.0,0.4564673744583381,0.24863015579226916,0.11447945920106228,0.5387506968771402,0.06167588842269044,0.0,0.0,0.023101888453130666,0.002644691696637664,0.4381474146697292,0.05015887908173418,0.0,0.0,0.11447945920106228,0.0
Spain,transportation,combined_transition_physical,0.24592211609110814,0.0,0.010545258367229953,0.2,0.4564673744583381,0.7,1.0,1.0,0.24592211609110814,0.0,0.010545258367229953,0.2,0.7,1.156467374458338,0.6768099310731684,0.277187773807804,0.21264941970913123,0.05894381925069545,0.0,0.0,0.009118509177285785,0.0025275392592978775,0.1729404602474629,0.04793698117729127,0.6052916108661202,0.16777943412051943,0.277187773807804,0.0
Spain,buildings_real_estate,orderly_transition,0.30740264511388515,0.0,0.016872413387567925,0.6,0.9242750585014531,0.5,0.0,0.5,0.0,0.0,0.0,0.0,0.25,0.25,0.12233707865168554,0.0664880898876405,0.0,0.0,0.0,0.0,0.0,0.0,0.0,0.0,1.0,0.0664880898876405,0.0664880898876405,0.0
Spain,buildings_real_estate,disorderly_transition,0.30740264511388515,0.0,0.016872413387567925,0.6,0.9242750585014531,0.5,0.0,1.0,0.0,0.0,0.0,0.0,0.5,0.5,0.2752584269662925,0.12459820224719115,0.0,0.0,0.0,0.0,0.0,0.0,0.0,0.0,1.0,0.12459820224719115,0.12459820224719115,0.0
Spain,buildings_real_estate,severe_disorderly_transition,0.30740264511388515,0.0,0.016872413387567925,0.6,0.9242750585014531,0.5,0.0,1.5,0.0,0.0,0.0,0.0,0.75,0.75,0.42817977528089934,0.18270831460674175,0.0,0.0,0.0,0.0,0.0,0.0,0.0,0.0,1.0,0.18270831460674175,0.18270831460674175,0.0
Spain,buildings_real_estate,acute_physical_risk,0.30740264511388515,0.0,0.016872413387567925,0.6,0.9242750585014531,0.5,1.0,0.0,0.30740264511388515,0.0,0.016872413387567925,0.6,0.0,0.9242750585014531,0.5347812829754962,0.22321688753068855,0.3325878398279876,0.07423922243695857,0.0,0.0,0.01825475353075472,0.004074769265774916,0.6491574066412577,0.14490289582795507,0.0,0.0,0.22321688753068858,-2.7755575615628914e-17
Spain,buildings_real_estate,combined_transition_physical,0.30740264511388515,0.0,0.016872413387567925,0.6,0.9242750585014531,0.5,1.0,1.0,0.30740264511388515,0.0,0.016872413387567925,0.6,0.5,1.4242750585014532,0.8406239796047101,0.3394371122497899,0.21583095433638916,0.0732610358740602,0.0,0.0,0.01184631668360477,0.004021079525879312,0.42126694308000323,0.1429936346453729,0.3510557859000027,0.11916136220447743,0.33943711224978984,5.551115123125783e-17
Spain,agriculture,orderly_transition,0.4918442321822163,0.0,0.010545258367229953,0.7,1.202389490549446,0.3,0.0,0.5,0.0,0.0,0.0,0.0,0.15,0.15,0.06116853932584276,0.04324404494382025,0.0,0.0,0.0,0.0,0.0,0.0,0.0,0.0,1.0,0.04324404494382025,0.04324404494382025,0.0
Spain,agriculture,disorderly_transition,0.4918442321822163,0.0,0.010545258367229953,0.7,1.202389490549446,0.3,0.0,1.0,0.0,0.0,0.0,0.0,0.3,0.3,0.15292134831460694,0.07811011235955063,0.0,0.0,0.0,0.0,0.0,0.0,0.0,0.0,1.0,0.07811011235955063,0.07811011235955063,0.0
Spain,agriculture,severe_disorderly_transition,0.4918442321822163,0.0,0.010545258367229953,0.7,1.202389490549446,0.3,0.0,1.5,0.0,0.0,0.0,0.0,0.44999999999999996,0.44999999999999996,0.24467415730337105,0.112976179775281,0.0,0.0,0.0,0.0,0.0,0.0,0.0,0.0,1.0,0.112976179775281,0.112976179775281,0.0
Spain,agriculture,acute_physical_risk,0.4918442321822163,0.0,0.010545258367229953,0.7,1.202389490549446,0.3,1.0,0.0,0.4918442321822163,0.0,0.010545258367229953,0.7,0.0,1.202389490549446,0.7048998187136171,0.28786193111117453,0.40905566461451875,0.11775155354790032,0.0,0.0,0.008770251611573195,0.0025246215652383504,0.5821740837739081,0.16758575599803588,0.0,0.0,0.28786193111117453,0.0
Spain,agriculture,combined_transition_physical,0.4918442321822163,0.0,0.010545258367229953,0.7,1.202389490549446,0.3,1.0,1.0,0.4918442321822163,0.0,0.010545258367229953,0.7,0.3,1.5023894905494461,0.8884054366911454,0.35759406594263526,0.3273746490348129,0.11706723183490196,0.0,0.0,0.007018991036321344,0.0025099495434930605,0.46592445195020604,0.16661181919496817,0.19968190797865973,0.07140506536927207,0.3575940659426352,5.551115123125783e-17
Spain,other_services,orderly_transition,0.12296105804555407,0.0,0.004218103346891981,0.1,0.22717916139244607,0.1,0.0,0.5,0.0,0.0,0.0,0.0,0.05,0.05,0.0,0.02,0.0,0.0,0.0,0.0,0.0,0.0,0.0,0.0,1.0,0.02,0.02,0.0
Spain,other_services,disorderly_transition,0.12296105804555407,0.0,0.004218103346891981,0.1,0.22717916139244607,0.1,0.0,1.0,0.0,0.0,0.0,0.0,0.1,0.1,0.030584269662921385,0.03162202247191013,0.0,0.0,0.0,0.0,0.0,0.0,0.0,0.0,1.0,0.03162202247191013,0.03162202247191013,0.0
Spain,other_services,severe_disorderly_transition,0.12296105804555407,0.0,0.004218103346891981,0.1,0.22717916139244607,0.1,0.0,1.5,0.0,0.0,0.0,0.0,0.15000000000000002,0.15000000000000002,0.061168539325842784,0.04324404494382026,0.0,0.0,0.0,0.0,0.0,0.0,0.0,0.0,1.0,0.04324404494382026,0.04324404494382026,0.0
Spain,other_services,acute_physical_risk,0.12296105804555407,0.0,0.004218103346891981,0.1,0.22717916139244607,0.1,1.0,0.0,0.12296105804555407,0.0,0.004218103346891981,0.1,0.0,0.22717916139244607,0.1083779050135368,0.06118360390514398,0.5412514831549274,0.03311571635842279,0.0,0.0,0.018567298695170893,0.0011360142489538325,0.4401812181499016,0.02693187329776735,0.0,0.0,0.06118360390514398,0.0
Spain,other_services,combined_transition_physical,0.12296105804555407,0.0,0.004218103346891981,0.1,0.22717916139244607,0.1,1.0,1.0,0.12296105804555407,0.0,0.004218103346891981,0.1,0.1,0.32717916139244607,0.16954644433937957,0.08442764884896424,0.37582178987880066,0.03172975010567661,0.0,0.0,0.012892334979220864,0.0010884695304688777,0.30564293757098926,0.02580471460640938,0.30564293757098926,0.02580471460640938,0.08442764884896425,-1.3877787807814457e-17
Ukraine,fossil_fuels,orderly_transition,0.2,0.0,0.04274665805473679,0.0,0.2427466580547368,1.0,0.0,0.5,0.0,0.0,0.0,0.0,0.5,0.5,0.2752584269662925,0.12459820224719115,0.0,0.0,0.0,0.0,0.0,0.0,0.0,0.0,1.0,0.12459820224719115,0.12459820224719115,0.0
Ukraine,fossil_fuels,disorderly_transition,0.2,0.0,0.04274665805473679,0.0,0.2427466580547368,1.0,0.0,1.0,0.0,0.0,0.0,0.0,1.0,1.0,0.5811011235955063,0.24081842696629238,0.0,0.0,0.0,0.0,0.0,0.0,0.0,0.0,1.0,0.24081842696629238,0.24081842696629238,0.0
Ukraine,fossil_fuels,severe_disorderly_transition,0.2,0.0,0.04274665805473679,0.0,0.2427466580547368,1.0,0.0,1.5,0.0,0.0,0.0,0.0,1.5,1.5,0.8869438202247202,0.35703865168539367,0.0,0.0,0.0,0.0,0.0,0.0,0.0,0.0,1.0,0.35703865168539367,0.35703865168539367,0.0
Ukraine,fossil_fuels,acute_physical_risk,0.2,0.0,0.04274665805473679,0.0,0.2427466580547368,1.0,1.0,0.0,0.2,0.0,0.04274665805473679,0.0,0.0,0.2427466580547368,0.11790031533145937,0.06480211982595456,0.8239042366338247,0.05339074106745673,0.0,0.0,0.17609576336617525,0.011411378758497827,0.0,0.0,0.0,0.0,0.06480211982595456,0.0
Ukraine,fossil_fuels,combined_transition_physical,0.2,0.0,0.04274665805473679,0.0,0.2427466580547368,1.0,1.0,1.0,0.2,0.0,0.04274665805473679,0.0,1.0,1.2427466580547368,0.729585708589887,0.2972425692641571,0.1609338465758248,0.047836390037761835,0.0,0.0,0.03439692054505128,0.010224229037586113,0.0,0.0,0.804669232879124,0.23918195018880917,0.2972425692641571,0.0
Ukraine,utilities,orderly_transition,0.6,0.0,0.08549331610947358,0.0,0.6854933161094736,0.8,0.0,0.5,0.0,0.0,0.0,0.0,0.4,0.4,0.21408988764044973,0.1013541573033709,0.0,0.0,0.0,0.0,0.0,0.0,0.0,0.0,1.0,0.1013541573033709,0.1013541573033709,0.0
Ukraine,utilities,disorderly_transition,0.6,0.0,0.08549331610947358,0.0,0.6854933161094736,0.8,0.0,1.0,0.0,0.0,0.0,0.0,0.8,0.8,0.4587640449438208,0.19433033707865188,0.0,0.0,0.0,0.0,0.0,0.0,0.0,0.0,1.0,0.19433033707865188,0.19433033707865188,0.0
Ukraine,utilities,severe_disorderly_transition,0.6,0.0,0.08549331610947358,0.0,0.6854933161094736,0.8,0.0,1.5,0.0,0.0,0.0,0.0,1.2000000000000002,1.2000000000000002,0.7034382022471919,0.28730651685393294,0.0,0.0,0.0,0.0,0.0,0.0,0.0,0.0,1.0,0.28730651685393294,0.28730651685393294,0.0
Ukraine,utilities,acute_physical_risk,0.6,0.0,0.08549331610947358,0.0,0.6854933161094736,0.8,1.0,0.0,0.6,0.0,0.08549331610947358,0.0,0.0,0.6854933161094736,0.38872197897752564,0.16771435201145973,0.8752820573150266,0.14679736306984706,0.0,0.0,0.12471794268497326,0.020916988941612664,0.0,0.0,0.0,0.0,0.16771435201145973,0.0
Ukraine,utilities,combined_transition_physical,0.6,0.0,0.08549331610947358,0.0,0.6854933161094736,0.8,1.0,1.0,0.6,0.0,0.08549331610947358,0.0,0.8,1.4854933161094737,0.8780702935842678,0.3536667115620218,0.40390622663413106,0.14284818695311782,0.0,0.0,0.05755213785369408,0.02035427533808014,0.0,0.0,0.5385416355121748,0.1904642492708238,0.3536667115620218,0.0
Ukraine,energy_intensive,orderly_transition,0.3,0.0,0.04274665805473679,0.0,0.3427466580547368,0.8,0.0,0.5,0.0,0.0,0.0,0.0,0.4,0.4,0.21408988764044973,0.1013541573033709,0.0,0.0,0.0,0.0,0.0,0.0,0.0,0.0,1.0,0.1013541573033709,0.1013541573033709,0.0
Ukraine,energy_intensive,disorderly_transition,0.3,0.0,0.04274665805473679,0.0,0.3427466580547368,0.8,0.0,1.0,0.0,0.0,0.0,0.0,0.8,0.8,0.4587640449438208,0.19433033707865188,0.0,0.0,0.0,0.0,0.0,0.0,0.0,0.0,1.0,0.19433033707865188,0.19433033707865188,0.0
Ukraine,energy_intensive,severe_disorderly_transition,0.3,0.0,0.04274665805473679,0.0,0.3427466580547368,0.8,0.0,1.5,0.0,0.0,0.0,0.0,1.2000000000000002,1.2000000000000002,0.7034382022471919,0.28730651685393294,0.0,0.0,0.0,0.0,0.0,0.0,0.0,0.0,1.0,0.28730651685393294,0.28730651685393294,0.0
Ukraine,energy_intensive,acute_physical_risk,0.3,0.0,0.04274665805473679,0.0,0.3427466580547368,0.8,1.0,0.0,0.3,0.0,0.04274665805473679,0.0,0.0,0.3427466580547368,0.17906885465730216,0.08804616476977482,0.8752820573150266,0.07706522823838632,0.0,0.0,0.12471794268497326,0.010980936531388487,0.0,0.0,0.0,0.0,0.08804616476977481,1.3877787807814457e-17
Ukraine,energy_intensive,combined_transition_physical,0.3,0.0,0.04274665805473679,0.0,0.3427466580547368,0.8,1.0,1.0,0.3,0.0,0.04274665805473679,0.0,0.8,1.1427466580547367,0.6684171692640443,0.27399852432033683,0.26252537943158893,0.07193156656089188,0.0,0.0,0.03740694208417388,0.010249446930399949,0.0,0.0,0.7000676784842372,0.19181751082904502,0.27399852432033683,0.0
Ukraine,transportation,orderly_transition,0.4,0.0,0.10686664513684198,0.0,0.506866645136842,0.7,0.0,0.5,0.0,0.0,0.0,0.0,0.35,0.35,0.1835056179775283,0.08973213483146075,0.0,0.0,0.0,0.0,0.0,0.0,0.0,0.0,1.0,0.08973213483146075,0.08973213483146075,0.0
Ukraine,transportation,disorderly_transition,0.4,0.0,0.10686664513684198,0.0,0.506866645136842,0.7,0.0,1.0,0.0,0.0,0.0,0.0,0.7,0.7,0.39759550561797796,0.17108629213483162,0.0,0.0,0.0,0.0,0.0,0.0,0.0,0.0,1.0,0.17108629213483162,0.17108629213483162,0.0
Ukraine,transportation,severe_disorderly_transition,0.4,0.0,0.10686664513684198,0.0,0.506866645136842,0.7,0.0,1.5,0.0,0.0,0.0,0.0,1.0499999999999998,1.0499999999999998,0.6116853932584275,0.2524404494382025,0.0,0.0,0.0,0.0,0.0,0.0,0.0,0.0,1.0,0.2524404494382025,0.2524404494382025,0.0
Ukraine,transportation,acute_physical_risk,0.4,0.0,0.10686664513684198,0.0,0.506866645136842,0.7,1.0,0.0,0.4,0.0,0.10686664513684198,0.0,0.0,0.506866645136842,0.27945865349718774,0.12619428832893134,0.7891622063472129,0.0995877630060758,0.0,0.0,0.21083779365278715,0.026606525322855554,0.0,0.0,0.0,0.0,0.12619428832893137,-2.7755575615628914e-17
Ukraine,transportation,combined_transition_physical,0.4,0.0,0.10686664513684198,0.0,0.506866645136842,0.7,1.0,1.0,0.4,0.0,0.10686664513684198,0.0,0.7,1.206866645136842,0.707638428778087,0.2889026029356731,0.33143678434716006,0.0957529497065239,0.0,0.0,0.08854884304530994,0.025581991242732416,0.0,0.0,0.58001437260753,0.1675676619864168,0.2889026029356731,0.0
Ukraine,buildings_real_estate,orderly_transition,0.5,0.0,0.17098663221894717,0.0,0.6709866322189472,0.5,0.0,0.5,0.0,0.0,0.0,0.0,0.25,0.25,0.12233707865168554,0.0664880898876405,0.0,0.0,0.0,0.0,0.0,0.0,0.0,0.0,1.0,0.0664880898876405,0.0664880898876405,0.0
Ukraine,buildings_real_estate,disorderly_transition,0.5,0.0,0.17098663221894717,0.0,0.6709866322189472,0.5,0.0,1.0,0.0,0.0,0.0,0.0,0.5,0.5,0.2752584269662925,0.12459820224719115,0.0,0.0,0.0,0.0,0.0,0.0,0.0,0.0,1.0,0.12459820224719115,0.12459820224719115,0.0
Ukraine,buildings_real_estate,severe_disorderly_transition,0.5,0.0,0.17098663221894717,0.0,0.6709866322189472,0.5,0.0,1.5,0.0,0.0,0.0,0.0,0.75,0.75,0.42817977528089934,0.18270831460674175,0.0,0.0,0.0,0.0,0.0,0.0,0.0,0.0,1.0,0.18270831460674175,0.18270831460674175,0.0
Ukraine,buildings_real_estate,acute_physical_risk,0.5,0.0,0.17098663221894717,0.0,0.6709866322189472,0.5,1.0,0.0,0.5,0.0,0.17098663221894717,0.0,0.0,0.6709866322189472,0.37984845233707326,0.16434241188808782,0.745171328296816,0.12246325336214885,0.0,0.0,0.254828671703184,0.04187915852593898,0.0,0.0,0.0,0.0,0.16434241188808782,0.0
Ukraine,buildings_real_estate,combined_transition_physical,0.5,0.0,0.17098663221894717,0.0,0.6709866322189472,0.5,1.0,1.0,0.5,0.0,0.17098663221894717,0.0,0.5,1.170986632218947,0.685691148966287,0.2805626366071891,0.42699035688608244,0.11979754033380394,0.0,0.0,0.14601928622783517,0.04096755593958125,0.0,0.0,0.42699035688608244,0.11979754033380394,0.28056263660718916,-5.551115123125783e-17
Ukraine,agriculture,orderly_transition,0.8,0.0,0.10686664513684198,0.0,0.906866645136842,0.3,0.0,0.5,0.0,0.0,0.0,0.0,0.15,0.15,0.06116853932584276,0.04324404494382025,0.0,0.0,0.0,0.0,0.0,0.0,0.0,0.0,1.0,0.04324404494382025,0.04324404494382025,0.0
Ukraine,agriculture,disorderly_transition,0.8,0.0,0.10686664513684198,0.0,0.906866645136842,0.3,0.0,1.0,0.0,0.0,0.0,0.0,0.3,0.3,0.15292134831460694,0.07811011235955063,0.0,0.0,0.0,0.0,0.0,0.0,0.0,0.0,1.0,0.07811011235955063,0.07811011235955063,0.0
Ukraine,agriculture,severe_disorderly_transition,0.8,0.0,0.10686664513684198,0.0,0.906866645136842,0.3,0.0,1.5,0.0,0.0,0.0,0.0,0.44999999999999996,0.44999999999999996,0.24467415730337105,0.112976179775281,0.0,0.0,0.0,0.0,0.0,0.0,0.0,0.0,1.0,0.112976179775281,0.112976179775281,0.0
Ukraine,agriculture,acute_physical_risk,0.8,0.0,0.10686664513684198,0.0,0.906866645136842,0.3,1.0,0.0,0.8,0.0,0.10686664513684198,0.0,0.0,0.906866645136842,0.5241328108005588,0.21917046810421234,0.8821583683665901,0.19334306253695374,0.0,0.0,0.11784163163340988,0.0258274055672586,0.0,0.0,0.0,0.0,0.21917046810421234,0.0
Ukraine,agriculture,combined_transition_physical,0.8,0.0,0.10686664513684198,0.0,0.906866645136842,0.3,1.0,1.0,0.8,0.0,0.10686664513684198,0.0,0.3,1.206866645136842,0.707638428778087,0.2889026029356731,0.6628735686943201,0.1915058994130478,0.0,0.0,0.08854884304530994,0.025581991242732416,0.0,0.0,0.24857758826037002,0.07181471227989292,0.28890260293567316,-5.551115123125783e-17
Ukraine,other_services,orderly_transition,0.2,0.0,0.04274665805473679,0.0,0.2427466580547368,0.1,0.0,0.5,0.0,0.0,0.0,0.0,0.05,0.05,0.0,0.02,0.0,0.0,0.0,0.0,0.0,0.0,0.0,0.0,1.0,0.02,0.02,0.0
Ukraine,other_services,disorderly_transition,0.2,0.0,0.04274665805473679,0.0,0.2427466580547368,0.1,0.0,1.0,0.0,0.0,0.0,0.0,0.1,0.1,0.030584269662921385,0.03162202247191013,0.0,0.0,0.0,0.0,0.0,0.0,0.0,0.0,1.0,0.03162202247191013,0.03162202247191013,0.0
Ukraine,other_services,severe_disorderly_transition,0.2,0.0,0.04274665805473679,0.0,0.2427466580547368,0.1,0.0,1.5,0.0,0.0,0.0,0.0,0.15000000000000002,0.15000000000000002,0.061168539325842784,0.04324404494382026,0.0,0.0,0.0,0.0,0.0,0.0,0.0,0.0,1.0,0.04324404494382026,0.04324404494382026,0.0
Ukraine,other_services,acute_physical_risk,0.2,0.0,0.04274665805473679,0.0,0.2427466580547368,0.1,1.0,0.0,0.2,0.0,0.04274665805473679,0.0,0.0,0.2427466580547368,0.11790031533145937,0.06480211982595456,0.8239042366338247,0.05339074106745673,0.0,0.0,0.17609576336617525,0.011411378758497827,0.0,0.0,0.0,0.0,0.06480211982595456,0.0
Ukraine,other_services,combined_transition_physical,0.2,0.0,0.04274665805473679,0.0,0.2427466580547368,0.1,1.0,1.0,0.2,0.0,0.04274665805473679,0.0,0.1,0.3427466580547368,0.17906885465730216,0.08804616476977482,0.5835213715433512,0.05137681882559089,0.0,0.0,0.12471794268497326,0.010980936531388487,0.0,0.0,0.2917606857716756,0.025688409412795446,0.08804616476977482,0.0
United States of America,fossil_fuels,orderly_transition,0.09353416605437151,0.0012055100980297075,0.0,0.0458283647336534,0.14056804088605462,1.0,0.0,0.5,0.0,0.0,0.0,0.0,0.5,0.5,0.2752584269662925,0.12459820224719115,0.0,0.0,0.0,0.0,0.0,0.0,0.0,0.0,1.0,0.12459820224719115,0.12459820224719115,0.0
United States of America,fossil_fuels,disorderly_transition,0.09353416605437151,0.0012055100980297075,0.0,0.0458283647336534,0.14056804088605462,1.0,0.0,1.0,0.0,0.0,0.0,0.0,1.0,1.0,0.5811011235955063,0.24081842696629238,0.0,0.0,0.0,0.0,0.0,0.0,0.0,0.0,1.0,0.24081842696629238,0.24081842696629238,0.0
United States of America,fossil_fuels,severe_disorderly_transition,0.09353416605437151,0.0012055100980297075,0.0,0.0458283647336534,0.14056804088605462,1.0,0.0,1.5,0.0,0.0,0.0,0.0,1.5,1.5,0.8869438202247202,0.35703865168539367,0.0,0.0,0.0,0.0,0.0,0.0,0.0,0.0,1.0,0.35703865168539367,0.35703865168539367,0.0
United States of America,fossil_fuels,acute_physical_risk,0.09353416605437151,0.0012055100980297075,0.0,0.0458283647336534,0.14056804088605462,1.0,1.0,0.0,0.09353416605437151,0.0012055100980297075,0.0,0.0458283647336534,0.0,0.14056804088605462,0.05539914770603168,0.04105167612829204,0.6654013633880757,0.02731584126513124,0.008575989893797424,0.0003520587595996775,0.0,0.0,0.32602264671812686,0.013383776103561118,0.0,0.0,0.04105167612829204,0.0
United States of America,fossil_fuels,combined_transition_physical,0.09353416605437151,0.0012055100980297075,0.0,0.0458283647336534,0.14056804088605462,1.0,1.0,1.0,0.09353416605437151,0.0012055100980297075,0.0,0.0458283647336534,1.0,1.1405680408860546,0.6670845409644593,0.27349212556649455,0.08200665168709194,0.022428173480493932,0.001056938345469686,0.00028906431469523836,0.0,0.0,0.04018029884306723,0.01098899533648742,0.8767561111243712,0.239785892434818,0.2734921255664946,-5.551115123125783e-17
United States of America,utilities,orderly_transition,0.2806024981631145,0.006027550490148537,0.0,0.1374850942009602,0.42411514285422325,0.8,0.0,0.5,0.0,0.0,0.0,0.0,0.4,0.4,0.21408988764044973,0.1013541573033709,0.0,0.0,0.0,0.0,0.0,0.0,0.0,0.0,1.0,0.1013541573033709,0.1013541573033709,0.0
United States of America,utilities,disorderly_transition,0.2806024981631145,0.006027550490148537,0.0,0.1374850942009602,0.42411514285422325,0.8,0.0,1.0,0.0,0.0,0.0,0.0,0.8,0.8,0.4587640449438208,0.19433033707865188,0.0,0.0,0.0,0.0,0.0,0.0,0.0,0.0,1.0,0.19433033707865188,0.19433033707865188,0.0
United States of America,utilities,severe_disorderly_transition,0.2806024981631145,0.006027550490148537,0.0,0.1374850942009602,0.42411514285422325,0.8,0.0,1.5,0.0,0.0,0.0,0.0,1.2000000000000002,1.2000000000000002,0.7034382022471919,0.28730651685393294,0.0,0.0,0.0,0.0,0.0,0.0,0.0,0.0,1.0,0.28730651685393294,0.28730651685393294,0.0
United States of America,utilities,acute_physical_risk,0.2806024981631145,0.006027550490148537,0.0,0.1374850942009602,0.42411514285422325,0.8,1.0,0.0,0.2806024981631145,0.006027550490148537,0.0,0.1374850942009602,0.0,0.42411514285422325,0.22884076828071842,0.10695949194667301,0.6616186733506073,0.07076639716401276,0.01421206149250918,0.0015201148767536572,0.0,0.0,0.32416926515688343,0.03467297990590658,0.0,0.0,0.106959491946673,1.3877787807814457e-17
United States of America,utilities,combined_transition_physical,0.2806024981631145,0.006027550490148537,0.0,0.1374850942009602,0.42411514285422325,0.8,1.0,1.0,0.2806024981631145,0.006027550490148537,0.0,0.1374850942009602,0.8,1.2241151428542234,0.7181890828874606,0.2929118514972351,0.22922884321882023,0.06714384488379406,0.004924006148714346,0.0014422997578036891,0.0,0.0,0.11231385789443904,0.032898060064657494,0.6535332927380263,0.19142764679097982,0.2929118514972351,0.0
United States of America,energy_intensive,orderly_transition,0.14030124908155725,0.002411020196059415,0.0,0.0458283647336534,0.18854063401127005,0.8,0.0,0.5,0.0,0.0,0.0,0.0,0.4,0.4,0.21408988764044973,0.1013541573033709,0.0,0.0,0.0,0.0,0.0,0.0,0.0,0.0,1.0,0.1013541573033709,0.1013541573033709,0.0
United States of America,energy_intensive,disorderly_transition,0.14030124908155725,0.002411020196059415,0.0,0.0458283647336534,0.18854063401127005,0.8,0.0,1.0,0.0,0.0,0.0,0.0,0.8,0.8,0.4587640449438208,0.19433033707865188,0.0,0.0,0.0,0.0,0.0,0.0,0.0,0.0,1.0,0.19433033707865188,0.19433033707865188,0.0
United States of America,energy_intensive,severe_disorderly_transition,0.14030124908155725,0.002411020196059415,0.0,0.0458283647336534,0.18854063401127005,0.8,0.0,1.5,0.0,0.0,0.0,0.0,1.2000000000000002,1.2000000000000002,0.7034382022471919,0.28730651685393294,0.0,0.0,0.0,0.0,0.0,0.0,0.0,0.0,1.0,0.28730651685393294,0.28730651685393294,0.0
United States of America,energy_intensive,acute_physical_risk,0.14030124908155725,0.002411020196059415,0.0,0.0458283647336534,0.18854063401127005,0.8,1.0,0.0,0.14030124908155725,0.002411020196059415,0.0,0.0458283647336534,0.0,0.18854063401127005,0.08474328219745561,0.05220244723503313,0.7441432973709567,0.038846101216310935,0.012787801466262683,0.000667554531294657,0.0,0.0,0.24306890116278063,0.012688791487427539,0.0,0.0,0.05220244723503313,0.0
United States of America,energy_intensive,combined_transition_physical,0.14030124908155725,0.002411020196059415,0.0,0.0458283647336534,0.18854063401127005,0.8,1.0,1.0,0.14030124908155725,0.002411020196059415,0.0,0.0458283647336534,0.8,0.9885406340112701,0.5740915968041979,0.23815480678559517,0.14192764996644305,0.03380075205529183,0.002438969237183555,0.0005808522474374599,0.0,0.0,0.0463596165467599,0.011040765521347884,0.8092737642496135,0.192732436961518,0.2381548067855952,-2.7755575615628914e-17
United States of America,transportation,orderly_transition,0.18706833210874302,0.002411020196059415,0.0,0.0916567294673068,0.28113608177210925,0.7,0.0,0.5,0.0,0.0,0.0,0.0,0.35,0.35,0.1835056179775283,0.08973213483146075,0.0,0.0,0.0,0.0,0.0,0.0,0.0,0.0,1.0,0.08973213483146075,0.08973213483146075,0.0
United States of America,transportation,disorderly_transition,0.18706833210874302,0.002411020196059415,0.0,0.0916567294673068,0.28113608177210925,0.7,0.0,1.0,0.0,0.0,0.0,0.0,0.7,0.7,0.39759550561797796,0.17108629213483162,0.0,0.0,0.0,0.0,0.0,0.0,0.0,0.0,1.0,0.17108629213483162,0.17108629213483162,0.0
United States of America,transportation,severe_disorderly_transition,0.18706833210874302,0.002411020196059415,0.0,0.0916567294673068,0.28113608177210925,0.7,0.0,1.5,0.0,0.0,0.0,0.0,1.0499999999999998,1.0499999999999998,0.6116853932584275,0.2524404494382025,0.0,0.0,0.0,0.0,0.0,0.0,0.0,0.0,1.0,0.2524404494382025,0.2524404494382025,0.0
United States of America,transportation,acute_physical_risk,0.18706833210874302,0.002411020196059415,0.0,0.0916567294673068,0.28113608177210925,0.7,1.0,0.0,0.18706833210874302,0.002411020196059415,0.0,0.0916567294673068,0.0,0.28113608177210925,0.14138256507498476,0.0737253747284942,0.6654013633880757,0.04905696486063682,0.008575989893797424,0.0006322680685879943,0.0,0.0,0.32602264671812686,0.024036141799269384,0.0,0.0,0.07372537472849419,1.3877787807814457e-17
United States of America,transportation,combined_transition_physical,0.18706833210874302,0.002411020196059415,0.0,0.0916567294673068,0.28113608177210925,0.7,1.0,1.0,0.18706833210874302,0.002411020196059415,0.0,0.0916567294673068,0.7,0.9811360817721092,0.569562340355884,0.23643368933523592,0.19066502148291578,0.045079634456387796,0.002457375934747682,0.0005810064583360185,0.0,0.0,0.093418977418258,0.02208739348492383,0.7134586251640785,0.1686856549355883,0.23643368933523595,-2.7755575615628914e-17
United States of America,buildings_real_estate,orderly_transition,0.23383541513592876,0.002411020196059415,0.0,0.2749701884019204,0.5112166237339085,0.5,0.0,0.5,0.0,0.0,0.0,0.0,0.25,0.25,0.12233707865168554,0.0664880898876405,0.0,0.0,0.0,0.0,0.0,0.0,0.0,0.0,1.0,0.0664880898876405,0.0664880898876405,0.0
United States of America,buildings_real_estate,disorderly_transition,0.23383541513592876,0.002411020196059415,0.0,0.2749701884019204,0.5112166237339085,0.5,0.0,1.0,0.0,0.0,0.0,0.0,0.5,0.5,0.2752584269662925,0.12459820224719115,0.0,0.0,0.0,0.0,0.0,0.0,0.0,0.0,1.0,0.12459820224719115,0.12459820224719115,0.0
United States of America,buildings_real_estate,severe_disorderly_transition,0.23383541513592876,0.002411020196059415,0.0,0.2749701884019204,0.5112166237339085,0.5,0.0,1.5,0.0,0.0,0.0,0.0,0.75,0.75,0.42817977528089934,0.18270831460674175,0.0,0.0,0.0,0.0,0.0,0.0,0.0,0.0,1.0,0.18270831460674175,0.18270831460674175,0.0
United States of America,buildings_real_estate,acute_physical_risk,0.23383541513592876,0.002411020196059415,0.0,0.2749701884019204,0.5112166237339085,0.5,1.0,0.0,0.23383541513592876,0.002411020196059415,0.0,0.2749701884019204,0.0,0.5112166237339085,0.2821194718660001,0.12720539930908004,0.45740964647824434,0.058184976728090206,0.004716239817182405,0.0005999311691820704,0.0,0.0,0.5378741137045733,0.06842049141180777,0.0,0.0,0.12720539930908004,0.0
United States of America,buildings_real_estate,combined_transition_physical,0.23383541513592876,0.002411020196059415,0.0,0.2749701884019204,0.5112166237339085,0.5,1.0,1.0,0.23383541513592876,0.002411020196059415,0.0,0.2749701884019204,0.5,1.0112166237339086,0.587962168495214,0.2434256240281813,0.2312416643948094,0.05629014645662175,0.0023842766618657274,0.0005803940342704937,0.0,0.0,0.2719201622562289,0.06619233518306683,0.4944538966870959,0.1203627483542222,0.24342562402818127,2.7755575615628914e-17
United States of America,agriculture,orderly_transition,0.37413666421748604,0.012055100980297074,0.0,0.32079855313557376,0.7069903183333568,0.3,0.0,0.5,0.0,0.0,0.0,0.0,0.15,0.15,0.06116853932584276,0.04324404494382025,0.0,0.0,0.0,0.0,0.0,0.0,0.0,0.0,1.0,0.04324404494382025,0.04324404494382025,0.0
United States of America,agriculture,disorderly_transition,0.37413666421748604,0.012055100980297074,0.0,0.32079855313557376,0.7069903183333568,0.3,0.0,1.0,0.0,0.0,0.0,0.0,0.3,0.3,0.15292134831460694,0.07811011235955063,0.0,0.0,0.0,0.0,0.0,0.0,0.0,0.0,1.0,0.07811011235955063,0.07811011235955063,0.0
United States of America,agriculture,severe_disorderly_transition,0.37413666421748604,0.012055100980297074,0.0,0.32079855313557376,0.7069903183333568,0.3,0.0,1.5,0.0,0.0,0.0,0.0,0.44999999999999996,0.44999999999999996,0.24467415730337105,0.112976179775281,0.0,0.0,0.0,0.0,0.0,0.0,0.0,0.0,1.0,0.112976179775281,0.112976179775281,0.0
United States of America,agriculture,acute_physical_risk,0.37413666421748604,0.012055100980297074,0.0,0.32079855313557376,0.7069903183333568,0.3,1.0,0.0,0.37413666421748604,0.012055100980297074,0.0,0.32079855313557376,0.0,0.7069903183333568,0.40187138123671895,0.1727111248699532,0.5291963051198034,0.09139808913426421,0.017051295707578427,0.0029449484621460746,0.0,0.0,0.4537523991726182,0.07836808727354291,0.0,0.0,0.17271112486995321,-2.7755575615628914e-17
United States of America,agriculture,combined_transition_physical,0.37413666421748604,0.012055100980297074,0.0,0.32079855313557376,0.7069903183333568,0.3,1.0,1.0,0.37413666421748604,0.012055100980297074,0.0,0.32079855313557376,0.3,1.0069903183333568,0.5853769992142472,0.24244325970141395,0.3715394849443138,0.09007724383768385,0.011971416964811691,0.0029023893521937533,0.0,0.0,0.3185716359880391,0.07723554587735247,0.2979174621028354,0.07222808063418386,0.24244325970141395,0.0
United States of America,other_services,orderly_transition,0.09353416605437151,0.0012055100980297075,0.0,0.0458283647336534,0.14056804088605462,0.1,0.0,0.5,0.0,0.0,0.0,0.0,0.05,0.05,0.0,0.02,0.0,0.0,0.0,0.0,0.0,0.0,0.0,0.0,1.0,0.02,0.02,0.0
United States of America,other_services,disorderly_transition,0.09353416605437151,0.0012055100980297075,0.0,0.0458283647336534,0.14056804088605462,0.1,0.0,1.0,0.0,0.0,0.0,0.0,0.1,0.1,0.030584269662921385,0.03162202247191013,0.0,0.0,0.0,0.0,0.0,0.0,0.0,0.0,1.0,0.03162202247191013,0.03162202247191013,0.0
United States of America,other_services,severe_disorderly_transition,0.09353416605437151,0.0012055100980297075,0.0,0.0458283647336534,0.14056804088605462,0.1,0.0,1.5,0.0,0.0,0.0,0.0,0.15000000000000002,0.15000000000000002,0.061168539325842784,0.04324404494382026,0.0,0.0,0.0,0.0,0.0,0.0,0.0,0.0,1.0,0.04324404494382026,0.04324404494382026,0.0
United States of America,other_services,acute_physical_risk,0.09353416605437151,0.0012055100980297075,0.0,0.0458283647336534,0.14056804088605462,0.1,1.0,0.0,0.09353416605437151,0.0012055100980297075,0.0,0.0458283647336534,0.0,0.14056804088605462,0.05539914770603168,0.04105167612829204,0.6654013633880757,0.02731584126513124,0.008575989893797424,0.0003520587595996775,0.0,0.0,0.32602264671812686,0.013383776103561118,0.0,0.0,0.04105167612829204,0.0
United States of America,other_services,combined_transition_physical,0.09353416605437151,0.0012055100980297075,0.0,0.0458283647336534,0.14056804088605462,0.1,1.0,1.0,0.09353416605437151,0.0012055100980297075,0.0,0.0458283647336534,0.1,0.24056804088605463,0.11656768703187445,0.06429572107211229,0.3888054527520307,0.0249985269414609,0.0050110982888234065,0.0003221921778431289,0.0,0.0,0.19050063576549664,0.01224837574123843,0.4156828131936492,0.026726626211569827,0.06429572107211229,0.0
