country,scenario_name,shock_multiplier,density_label,interbank_liability_scale,x,y,n,spearman_rho,p_value
Brazil,acute_physical_risk,0.75,p30,1.0,firm_exposure_to_capital,target_loss_to_capital_ratio,360,0.1557143775374291,0.0030536294151301
Brazil,acute_physical_risk,1.0,p30,1.0,firm_exposure_to_capital,target_loss_to_capital_ratio,360,0.238452253572135,4.768207377077718e-06
Brazil,acute_physical_risk,1.25,p30,1.0,firm_exposure_to_capital,target_loss_to_capital_ratio,360,0.2882105750115173,2.5770862907236266e-08
Brazil,acute_physical_risk,1.5,p30,1.0,firm_exposure_to_capital,target_loss_to_capital_ratio,360,0.3241504251374463,2.9795906026200085e-10
Brazil,combined_transition_physical,0.75,p30,1.0,firm_exposure_to_capital,target_loss_to_capital_ratio,360,0.6750990073863894,3.1665101066706973e-49
Brazil,combined_transition_physical,1.0,p30,1.0,firm_exposure_to_capital,target_loss_to_capital_ratio,360,0.7790743485079858,1.371330014965636e-74
Brazil,combined_transition_physical,1.25,p30,1.0,firm_exposure_to_capital,target_loss_to_capital_ratio,360,0.8420743987222123,5.150372198922228e-98
Brazil,combined_transition_physical,1.5,p30,1.0,firm_exposure_to_capital,target_loss_to_capital_ratio,360,0.8709015244459191,1.7232114204413374e-112
Brazil,disorderly_transition,0.75,p30,1.0,firm_exposure_to_capital,target_loss_to_capital_ratio,360,0.5154435228482103,7.989243875381861e-26
Brazil,disorderly_transition,1.0,p30,1.0,firm_exposure_to_capital,target_loss_to_capital_ratio,360,0.5958422462228388,5.691352212560618e-36
Brazil,disorderly_transition,1.25,p30,1.0,firm_exposure_to_capital,target_loss_to_capital_ratio,360,0.6624148735812561,7.852401368021891e-47
Brazil,disorderly_transition,1.5,p30,1.0,firm_exposure_to_capital,target_loss_to_capital_ratio,360,0.7134748154869275,2.9269479839515174e-57
Brazil,orderly_transition,0.75,p30,1.0,firm_exposure_to_capital,target_loss_to_capital_ratio,360,0.3430396727557177,2.2291605701335885e-11
Brazil,orderly_transition,1.0,p30,1.0,firm_exposure_to_capital,target_loss_to_capital_ratio,360,0.4189804095674877,9.793389367125748e-17
Brazil,orderly_transition,1.25,p30,1.0,firm_exposure_to_capital,target_loss_to_capital_ratio,360,0.4787518295585399,5.04485935248546e-22
Brazil,orderly_transition,1.5,p30,1.0,firm_exposure_to_capital,target_loss_to_capital_ratio,360,0.5336229075492599,6.9513503300822725e-28
Brazil,severe_disorderly_transition,0.75,p30,1.0,firm_exposure_to_capital,target_loss_to_capital_ratio,360,0.6259641862444393,1.4676354778102263e-40
Brazil,severe_disorderly_transition,1.0,p30,1.0,firm_exposure_to_capital,target_loss_to_capital_ratio,360,0.706274399382867,1.1826300401992509e-55
Brazil,severe_disorderly_transition,1.25,p30,1.0,firm_exposure_to_capital,target_loss_to_capital_ratio,360,0.759108995182576,9.92647348086319e-69
Brazil,severe_disorderly_transition,1.5,p30,1.0,firm_exposure_to_capital,target_loss_to_capital_ratio,360,0.7860948001141983,8.491892127215164e-77
Germany,acute_physical_risk,0.75,p30,1.0,firm_exposure_to_capital,target_loss_to_capital_ratio,360,0.4180848308513592,1.1547513047026902e-16
Germany,acute_physical_risk,1.0,p30,1.0,firm_exposure_to_capital,target_loss_to_capital_ratio,360,0.5212445054874395,1.813292362801896e-26
Germany,acute_physical_risk,1.25,p30,1.0,firm_exposure_to_capital,target_loss_to_capital_ratio,360,0.6012528388850736,9.262501479466076e-37
Germany,acute_physical_risk,1.5,p30,1.0,firm_exposure_to_capital,target_loss_to_capital_ratio,360,0.6644516289991949,3.2993545280522024e-47
Germany,combined_transition_physical,0.75,p30,1.0,firm_exposure_to_capital,target_loss_to_capital_ratio,360,0.7885711566704475,1.3493840440497763e-77
Germany,combined_transition_physical,1.0,p30,1.0,firm_exposure_to_capital,target_loss_to_capital_ratio,360,0.8814077783521991,1.1686344924472268e-118
Germany,combined_transition_physical,1.25,p30,1.0,firm_exposure_to_capital,target_loss_to_capital_ratio,360,0.9101219916820344,4.778036769579745e-139
Germany,combined_transition_physical,1.5,p30,1.0,firm_exposure_to_capital,target_loss_to_capital_ratio,360,0.921205667739206,7.806311058844003e-149
Germany,disorderly_transition,0.75,p30,1.0,firm_exposure_to_capital,target_loss_to_capital_ratio,360,0.5154435228482103,7.989243875381861e-26
Germany,disorderly_transition,1.0,p30,1.0,firm_exposure_to_capital,target_loss_to_capital_ratio,360,0.5958422462228388,5.691352212560618e-36
Germany,disorderly_transition,1.25,p30,1.0,firm_exposure_to_capital,target_loss_to_capital_ratio,360,0.6624148735812561,7.852401368021891e-47
Germany,disorderly_transition,1.5,p30,1.0,firm_exposure_to_capital,target_loss_to_capital_ratio,360,0.7134748154869275,2.9269479839515174e-57
Germany,orderly_transition,0.75,p30,1.0,firm_exposure_to_capital,target_loss_to_capital_ratio,360,0.3430396727557177,2.2291605701335885e-11
Germany,orderly_transition,1.0,p30,1.0,firm_exposure_to_capital,target_loss_to_capital_ratio,360,0.4189804095674877,9.793389367125748e-17
Germany,orderly_transition,1.25,p30,1.0,firm_exposure_to_capital,target_loss_to_capital_ratio,360,0.4787518295585399,5.04485935248546e-22
Germany,orderly_transition,1.5,p30,1.0,firm_exposure_to_capital,target_loss_to_capital_ratio,360,0.5336229075492599,6.9513503300822725e-28
Germany,severe_disorderly_transition,0.75,p30,1.0,firm_exposure_to_capital,target_loss_to_capital_ratio,360,0.6259641862444393,1.4676354778102263e-40
Germany,severe_disorderly_transition,1.0,p30,1.0,firm_exposure_to_capital,target_loss_to_capital_ratio,360,0.706274399382867,1.1826300401992509e-55
Germany,severe_disorderly_transition,1.25,p30,1.0,firm_exposure_to_capital,target_loss_to_capital_ratio,360,0.759108995182576,9.92647348086319e-69
Germany,severe_disorderly_transition,1.5,p30,1.0,firm_exposure_to_capital,target_loss_to_capital_ratio,360,0.7860948001141983,8.491892127215164e-77
Italy,acute_physical_risk,0.75,p30,1.0,firm_exposure_to_capital,target_loss_to_capital_ratio,360,0.1782577769753565,0.0006795665450363
Italy,acute_physical_risk,1.0,p30,1.0,firm_exposure_to_capital,target_loss_to_capital_ratio,360,0.3111730394085965,1.599349815451905e-09
Italy,acute_physical_risk,1.25,p30,1.0,firm_exposure_to_capital,target_loss_to_capital_ratio,360,0.3979339378010177,4.140992893111216e-15
Italy,acute_physical_risk,1.5,p30,1.0,firm_exposure_to_capital,target_loss_to_capital_ratio,360,0.4502486519301094,2.2625135522369444e-19
Italy,combined_transition_physical,0.75,p30,1.0,firm_exposure_to_capital,target_loss_to_capital_ratio,360,0.6887145962326573,6.213218598464114e-52
Italy,combined_transition_physical,1.0,p30,1.0,firm_exposure_to_capital,target_loss_to_capital_ratio,360,0.8125483743797148,6.240734302665533e-86
Italy,combined_transition_physical,1.25,p30,1.0,firm_exposure_to_capital,target_loss_to_capital_ratio,360,0.8744622515091421,1.6148005208423696e-114
Italy,combined_transition_physical,1.5,p30,1.0,firm_exposure_to_capital,target_loss_to_capital_ratio,360,0.9005318971082596,1.4927119499165812e-131
Italy,disorderly_transition,0.75,p30,1.0,firm_exposure_to_capital,target_loss_to_capital_ratio,360,0.5154435228482103,7.989243875381861e-26
Italy,disorderly_transition,1.0,p30,1.0,firm_exposure_to_capital,target_loss_to_capital_ratio,360,0.5958422462228388,5.691352212560618e-36
Italy,disorderly_transition,1.25,p30,1.0,firm_exposure_to_capital,target_loss_to_capital_ratio,360,0.6624148735812561,7.852401368021891e-47
Italy,disorderly_transition,1.5,p30,1.0,firm_exposure_to_capital,target_loss_to_capital_ratio,360,0.7134748154869275,2.9269479839515174e-57
Italy,orderly_transition,0.75,p30,1.0,firm_exposure_to_capital,target_loss_to_capital_ratio,360,0.3430396727557177,2.2291605701335885e-11
Italy,orderly_transition,1.0,p30,1.0,firm_exposure_to_capital,target_loss_to_capital_ratio,360,0.4189804095674877,9.793389367125748e-17
Italy,orderly_transition,1.25,p30,1.0,firm_exposure_to_capital,target_loss_to_capital_ratio,360,0.4787518295585399,5.04485935248546e-22
Italy,orderly_transition,1.5,p30,1.0,firm_exposure_to_capital,target_loss_to_capital_ratio,360,0.5336229075492599,6.9513503300822725e-28
Italy,severe_disorderly_transition,0.75,p30,1.0,firm_exposure_to_capital,target_loss_to_capital_ratio,360,0.6259641862444393,1.4676354778102263e-40
Italy,severe_disorderly_transition,1.0,p30,1.0,firm_exposure_to_capital,target_loss_to_capital_ratio,360,0.706274399382867,1.1826300401992509e-55
Italy,severe_disorderly_transition,1.25,p30,1.0,firm_exposure_to_capital,target_loss_to_capital_ratio,360,0.759108995182576,9.92647348086319e-69
Italy,severe_disorderly_transition,1.5,p30,1.0,firm_exposure_to_capital,target_loss_to_capital_ratio,360,0.7860948001141983,8.491892127215164e-77
Spain,acute_physical_risk,0.75,p30,1.0,firm_exposure_to_capital,target_loss_to_capital_ratio,360,0.2921837534184689,1.620966995013226e-08
Spain,acute_physical_risk,1.0,p30,1.0,firm_exposure_to_capital,target_loss_to_capital_ratio,360,0.390613861870068,1.4329469347970636e-14
Spain,acute_physical_risk,1.25,p30,1.0,firm_exposure_to_capital,target_loss_to_capital_ratio,360,0.4399020568574345,1.8084189501299773e-18
Spain,acute_physical_risk,1.5,p30,1.0,firm_exposure_to_capital,target_loss_to_capital_ratio,360,0.4828987877992886,1.9767112903200152e-22
Spain,combined_transition_physical,0.75,p30,1.0,firm_exposure_to_capital,target_loss_to_capital_ratio,360,0.7319150309747152,1.306846090773274e-61
Spain,combined_transition_physical,1.0,p30,1.0,firm_exposure_to_capital,target_loss_to_capital_ratio,360,0.8386180963330477,1.7808312244662029e-96
Spain,combined_transition_physical,1.25,p30,1.0,firm_exposure_to_capital,target_loss_to_capital_ratio,360,0.8865850302342868,6.437512845047955e-122
Spain,combined_transition_physical,1.5,p30,1.0,firm_exposure_to_capital,target_loss_to_capital_ratio,360,0.9041733861115184,2.64031681580046e-134
Spain,disorderly_transition,0.75,p30,1.0,firm_exposure_to_capital,target_loss_to_capital_ratio,360,0.5154435228482103,7.989243875381861e-26
Spain,disorderly_transition,1.0,p30,1.0,firm_exposure_to_capital,target_loss_to_capital_ratio,360,0.5958422462228388,5.691352212560618e-36
Spain,disorderly_transition,1.25,p30,1.0,firm_exposure_to_capital,target_loss_to_capital_ratio,360,0.6624148735812561,7.852401368021891e-47
Spain,disorderly_transition,1.5,p30,1.0,firm_exposure_to_capital,target_loss_to_capital_ratio,360,0.7134748154869275,2.9269479839515174e-57
Spain,orderly_transition,0.75,p30,1.0,firm_exposure_to_capital,target_loss_to_capital_ratio,360,0.3430396727557177,2.2291605701335885e-11
Spain,orderly_transition,1.0,p30,1.0,firm_exposure_to_capital,target_loss_to_capital_ratio,360,0.4189804095674877,9.793389367125748e-17
Spain,orderly_transition,1.25,p30,1.0,firm_exposure_to_capital,target_loss_to_capital_ratio,360,0.4787518295585399,5.04485935248546e-22
Spain,orderly_transition,1.5,p30,1.0,firm_exposure_to_capital,target_loss_to_capital_ratio,360,0.5336229075492599,6.9513503300822725e-28
Spain,severe_disorderly_transition,0.75,p30,1.0,firm_exposure_to_capital,target_loss_to_capital_ratio,360,0.6259641862444393,1.4676354778102263e-40
Spain,severe_disorderly_transition,1.0,p30,1.0,firm_exposure_to_capital,target_loss_to_capital_ratio,360,0.706274399382867,1.1826300401992509e-55
Spain,severe_disorderly_transition,1.25,p30,1.0,firm_exposure_to_capital,target_loss_to_capital_ratio,360,0.759108995182576,9.92647348086319e-69
Spain,severe_disorderly_transition,1.5,p30,1.0,firm_exposure_to_capital,target_loss_to_capital_ratio,360,0.7860948001141983,8.491892127215164e-77
Ukraine,acute_physical_risk,0.75,p30,1.0,firm_exposure_to_capital,target_loss_to_capital_ratio,360,0.3143273881179533,1.0709600205138046e-09
Ukraine,acute_physical_risk,1.0,p30,1.0,firm_exposure_to_capital,target_loss_to_capital_ratio,360,0.4132119339207988,2.8060907885829907e-16
Ukraine,acute_physical_risk,1.25,p30,1.0,firm_exposure_to_capital,target_loss_to_capital_ratio,360,0.4941471059542076,1.4585836459643766e-23
Ukraine,acute_physical_risk,1.5,p30,1.0,firm_exposure_to_capital,target_loss_to_capital_ratio,360,0.5682466685699735,3.581187213515376e-32
Ukraine,combined_transition_physical,0.75,p30,1.0,firm_exposure_to_capital,target_loss_to_capital_ratio,360,0.739999970421582,1.2388673027114457e-63
Ukraine,combined_transition_physical,1.0,p30,1.0,firm_exposure_to_capital,target_loss_to_capital_ratio,360,0.8529368796569933,4.20296322432113e-103
Ukraine,combined_transition_physical,1.25,p30,1.0,firm_exposure_to_capital,target_loss_to_capital_ratio,360,0.8997314794095633,5.816622534071774e-131
Ukraine,combined_transition_physical,1.5,p30,1.0,firm_exposure_to_capital,target_loss_to_capital_ratio,360,0.916077027343318,3.8826360540615336e-144
Ukraine,disorderly_transition,0.75,p30,1.0,firm_exposure_to_capital,target_loss_to_capital_ratio,360,0.5154435228482103,7.989243875381861e-26
Ukraine,disorderly_transition,1.0,p30,1.0,firm_exposure_to_capital,target_loss_to_capital_ratio,360,0.5958422462228388,5.691352212560618e-36
Ukraine,disorderly_transition,1.25,p30,1.0,firm_exposure_to_capital,target_loss_to_capital_ratio,360,0.6624148735812561,7.852401368021891e-47
Ukraine,disorderly_transition,1.5,p30,1.0,firm_exposure_to_capital,target_loss_to_capital_ratio,360,0.7134748154869275,2.9269479839515174e-57
Ukraine,orderly_transition,0.75,p30,1.0,firm_exposure_to_capital,target_loss_to_capital_ratio,360,0.3430396727557177,2.2291605701335885e-11
Ukraine,orderly_transition,1.0,p30,1.0,firm_exposure_to_capital,target_loss_to_capital_ratio,360,0.4189804095674877,9.793389367125748e-17
Ukraine,orderly_transition,1.25,p30,1.0,firm_exposure_to_capital,target_loss_to_capital_ratio,360,0.4787518295585399,5.04485935248546e-22
Ukraine,orderly_transition,1.5,p30,1.0,firm_exposure_to_capital,target_loss_to_capital_ratio,360,0.5336229075492599,6.9513503300822725e-28
Ukraine,severe_disorderly_transition,0.75,p30,1.0,firm_exposure_to_capital,target_loss_to_capital_ratio,360,0.6259641862444393,1.4676354778102263e-40
Ukraine,severe_disorderly_transition,1.0,p30,1.0,firm_exposure_to_capital,target_loss_to_capital_ratio,360,0.706274399382867,1.1826300401992509e-55
Ukraine,severe_disorderly_transition,1.25,p30,1.0,firm_exposure_to_capital,target_loss_to_capital_ratio,360,0.759108995182576,9.92647348086319e-69
Ukraine,severe_disorderly_transition,1.5,p30,1.0,firm_exposure_to_capital,target_loss_to_capital_ratio,360,0.7860948001141983,8.491892127215164e-77
United States of America,acute_physical_risk,0.75,p30,1.0,firm_exposure_to_capital,target_loss_to_capital_ratio,360,0.1243201203707597,0.0182864446334472
United States of America,acute_physical_risk,1.0,p30,1.0,firm_exposure_to_capital,target_loss_to_capital_ratio,360,0.2453206389123038,2.4696366957923102e-06
United States of America,acute_physical_risk,1.25,p30,1.0,firm_exposure_to_capital,target_loss_to_capital_ratio,360,0.3171290680671215,7.470555551136643e-10
United States of America,acute_physical_risk,1.5,p30,1.0,firm_exposure_to_capital,target_loss_to_capital_ratio,360,0.3862728966122454,2.9490098223270794e-14
United States of America,combined_transition_physical,0.75,p30,1.0,firm_exposure_to_capital,target_loss_to_capital_ratio,360,0.6718137413132889,1.3557346828195135e-48
United States of America,combined_transition_physical,1.0,p30,1.0,firm_exposure_to_capital,target_loss_to_capital_ratio,360,0.8000042953009102,1.9842234109982094e-81
United States of America,combined_transition_physical,1.25,p30,1.0,firm_exposure_to_capital,target_loss_to_capital_ratio,360,0.8739077204813822,3.373074468146976e-114
United States of America,combined_transition_physical,1.5,p30,1.0,firm_exposure_to_capital,target_loss_to_capital_ratio,360,0.9037556874152834,5.532478114054479e-134
United States of America,disorderly_transition,0.75,p30,1.0,firm_exposure_to_capital,target_loss_to_capital_ratio,360,0.5154435228482103,7.989243875381861e-26
United States of America,disorderly_transition,1.0,p30,1.0,firm_exposure_to_capital,target_loss_to_capital_ratio,360,0.5958422462228388,5.691352212560618e-36
United States of America,disorderly_transition,1.25,p30,1.0,firm_exposure_to_capital,target_loss_to_capital_ratio,360,0.6624148735812561,7.852401368021891e-47
United States of America,disorderly_transition,1.5,p30,1.0,firm_exposure_to_capital,target_loss_to_capital_ratio,360,0.7134748154869275,2.9269479839515174e-57
United States of America,orderly_transition,0.75,p30,1.0,firm_exposure_to_capital,target_loss_to_capital_ratio,360,0.3430396727557177,2.2291605701335885e-11
United States of America,orderly_transition,1.0,p30,1.0,firm_exposure_to_capital,target_loss_to_capital_ratio,360,0.4189804095674877,9.793389367125748e-17
United States of America,orderly_transition,1.25,p30,1.0,firm_exposure_to_capital,target_loss_to_capital_ratio,360,0.4787518295585399,5.04485935248546e-22
United States of America,orderly_transition,1.5,p30,1.0,firm_exposure_to_capital,target_loss_to_capital_ratio,360,0.5336229075492599,6.9513503300822725e-28
United States of America,severe_disorderly_transition,0.75,p30,1.0,firm_exposure_to_capital,target_loss_to_capital_ratio,360,0.6259641862444393,1.4676354778102263e-40
United States of America,severe_disorderly_transition,1.0,p30,1.0,firm_exposure_to_capital,target_loss_to_capital_ratio,360,0.706274399382867,1.1826300401992509e-55
United States of America,severe_disorderly_transition,1.25,p30,1.0,firm_exposure_to_capital,target_loss_to_capital_ratio,360,0.759108995182576,9.92647348086319e-69
United States of America,severe_disorderly_transition,1.5,p30,1.0,firm_exposure_to_capital,target_loss_to_capital_ratio,360,0.7860948001141983,8.491892127215164e-77
Brazil,acute_physical_risk,0.75,p30,1.0,shock_weighted_exposure_to_capital,target_loss_to_capital_ratio,360,0.4940662162567409,1.4866960540383777e-23
Brazil,acute_physical_risk,1.0,p30,1.0,shock_weighted_exposure_to_capital,target_loss_to_capital_ratio,360,0.6216088929805722,7.262108681677575e-40
Brazil,acute_physical_risk,1.25,p30,1.0,shock_weighted_exposure_to_capital,target_loss_to_capital_ratio,360,0.7086609347418559,3.5143476529581454e-56
Brazil,acute_physical_risk,1.5,p30,1.0,shock_weighted_exposure_to_capital,target_loss_to_capital_ratio,360,0.7579548265139172,2.079714192415638e-68
Brazil,combined_transition_physical,0.75,p30,1.0,shock_weighted_exposure_to_capital,target_loss_to_capital_ratio,360,0.7561507394289194,6.553704229997417e-68
Brazil,combined_transition_physical,1.0,p30,1.0,shock_weighted_exposure_to_capital,target_loss_to_capital_ratio,360,0.874671800108529,1.2213358650464827e-114
Brazil,combined_transition_physical,1.25,p30,1.0,shock_weighted_exposure_to_capital,target_loss_to_capital_ratio,360,0.9440312039444748,1.620943691365669e-174
Brazil,combined_transition_physical,1.5,p30,1.0,shock_weighted_exposure_to_capital,target_loss_to_capital_ratio,360,0.9712554366417436,3.004293509120303e-225
Brazil,disorderly_transition,0.75,p30,1.0,shock_weighted_exposure_to_capital,target_loss_to_capital_ratio,360,0.6406093641819525,5.607423894344098e-43
Brazil,disorderly_transition,1.0,p30,1.0,shock_weighted_exposure_to_capital,target_loss_to_capital_ratio,360,0.7333093915754351,5.923514829312214e-62
Brazil,disorderly_transition,1.25,p30,1.0,shock_weighted_exposure_to_capital,target_loss_to_capital_ratio,360,0.8247455772201446,1.2016383797970779e-90
Brazil,disorderly_transition,1.5,p30,1.0,shock_weighted_exposure_to_capital,target_loss_to_capital_ratio,360,0.8840864824115485,2.5171819642995984e-120
Brazil,orderly_transition,0.75,p30,1.0,shock_weighted_exposure_to_capital,target_loss_to_capital_ratio,360,0.4104350228826538,4.624431498583316e-16
Brazil,orderly_transition,1.0,p30,1.0,shock_weighted_exposure_to_capital,target_loss_to_capital_ratio,360,0.5130346635241826,1.4666757849552835e-25
Brazil,orderly_transition,1.25,p30,1.0,shock_weighted_exposure_to_capital,target_loss_to_capital_ratio,360,0.5915470071998947,2.3475284736253468e-35
Brazil,orderly_transition,1.5,p30,1.0,shock_weighted_exposure_to_capital,target_loss_to_capital_ratio,360,0.6529898628177909,3.979163707330251e-45
Brazil,severe_disorderly_transition,0.75,p30,1.0,shock_weighted_exposure_to_capital,target_loss_to_capital_ratio,360,0.7761440523635984,1.0837814268519506e-73
Brazil,severe_disorderly_transition,1.0,p30,1.0,shock_weighted_exposure_to_capital,target_loss_to_capital_ratio,360,0.8794241518983031,1.888783483166299e-117
Brazil,severe_disorderly_transition,1.25,p30,1.0,shock_weighted_exposure_to_capital,target_loss_to_capital_ratio,360,0.9332888371052244,2.7111361104560755e-161
Brazil,severe_disorderly_transition,1.5,p30,1.0,shock_weighted_exposure_to_capital,target_loss_to_capital_ratio,360,0.9564729151716704,1.4311754500029184e-193
Germany,acute_physical_risk,0.75,p30,1.0,shock_weighted_exposure_to_capital,target_loss_to_capital_ratio,360,0.6211526951704428,8.573764115025121e-40
Germany,acute_physical_risk,1.0,p30,1.0,shock_weighted_exposure_to_capital,target_loss_to_capital_ratio,360,0.7416806199636313,4.6021768064574484e-64
Germany,acute_physical_risk,1.25,p30,1.0,shock_weighted_exposure_to_capital,target_loss_to_capital_ratio,360,0.8274930104913361,9.267244028613745e-92
Germany,acute_physical_risk,1.5,p30,1.0,shock_weighted_exposure_to_capital,target_loss_to_capital_ratio,360,0.8841253919140323,2.3790390512477056e-120
Germany,combined_transition_physical,0.75,p30,1.0,shock_weighted_exposure_to_capital,target_loss_to_capital_ratio,360,0.8574919559564501,2.32382517248116e-105
Germany,combined_transition_physical,1.0,p30,1.0,shock_weighted_exposure_to_capital,target_loss_to_capital_ratio,360,0.9526485543869936,3.564521095271309e-187
Germany,combined_transition_physical,1.25,p30,1.0,shock_weighted_exposure_to_capital,target_loss_to_capital_ratio,360,0.9781441214824188,2.7998021002724334e-246
Germany,combined_transition_physical,1.5,p30,1.0,shock_weighted_exposure_to_capital,target_loss_to_capital_ratio,360,0.985010686810855,2.4871256449859986e-275
Germany,disorderly_transition,0.75,p30,1.0,shock_weighted_exposure_to_capital,target_loss_to_capital_ratio,360,0.6406093641819525,5.607423894344098e-43
Germany,disorderly_transition,1.0,p30,1.0,shock_weighted_exposure_to_capital,target_loss_to_capital_ratio,360,0.7333093915754351,5.923514829312214e-62
Germany,disorderly_transition,1.25,p30,1.0,shock_weighted_exposure_to_capital,target_loss_to_capital_ratio,360,0.8247455772201446,1.2016383797970779e-90
Germany,disorderly_transition,1.5,p30,1.0,shock_weighted_exposure_to_capital,target_loss_to_capital_ratio,360,0.8840864824115485,2.5171819642995984e-120
Germany,orderly_transition,0.75,p30,1.0,shock_weighted_exposure_to_capital,target_loss_to_capital_ratio,360,0.4104350228826538,4.624431498583316e-16
Germany,orderly_transition,1.0,p30,1.0,shock_weighted_exposure_to_capital,target_loss_to_capital_ratio,360,0.5130346635241826,1.4666757849552835e-25
Germany,orderly_transition,1.25,p30,1.0,shock_weighted_exposure_to_capital,target_loss_to_capital_ratio,360,0.5915470071998947,2.3475284736253468e-35
Germany,orderly_transition,1.5,p30,1.0,shock_weighted_exposure_to_capital,target_loss_to_capital_ratio,360,0.6529898628177909,3.979163707330251e-45
Germany,severe_disorderly_transition,0.75,p30,1.0,shock_weighted_exposure_to_capital,target_loss_to_capital_ratio,360,0.7761440523635984,1.0837814268519506e-73
Germany,severe_disorderly_transition,1.0,p30,1.0,shock_weighted_exposure_to_capital,target_loss_to_capital_ratio,360,0.8794241518983031,1.888783483166299e-117
Germany,severe_disorderly_transition,1.25,p30,1.0,shock_weighted_exposure_to_capital,target_loss_to_capital_ratio,360,0.9332888371052244,2.7111361104560755e-161
Germany,severe_disorderly_transition,1.5,p30,1.0,shock_weighted_exposure_to_capital,target_loss_to_capital_ratio,360,0.9564729151716704,1.4311754500029184e-193
Italy,acute_physical_risk,0.75,p30,1.0,shock_weighted_exposure_to_capital,target_loss_to_capital_ratio,360,0.3271937664252762,1.9856708295082269e-10
Italy,acute_physical_risk,1.0,p30,1.0,shock_weighted_exposure_to_capital,target_loss_to_capital_ratio,360,0.4963835001015861,8.586876109120033e-24
Italy,acute_physical_risk,1.25,p30,1.0,shock_weighted_exposure_to_capital,target_loss_to_capital_ratio,360,0.6015940516975767,8.250852366935851e-37
Italy,acute_physical_risk,1.5,p30,1.0,shock_weighted_exposure_to_capital,target_loss_to_capital_ratio,360,0.6713648399618203,1.6513731735732452e-48
Italy,combined_transition_physical,0.75,p30,1.0,shock_weighted_exposure_to_capital,target_loss_to_capital_ratio,360,0.7486381707261803,7.020270507129822e-66
Italy,combined_transition_physical,1.0,p30,1.0,shock_weighted_exposure_to_capital,target_loss_to_capital_ratio,360,0.8833048405276319,7.789250147910987e-120
Italy,combined_transition_physical,1.25,p30,1.0,shock_weighted_exposure_to_capital,target_loss_to_capital_ratio,360,0.949655732940326,1.5795070898488307e-182
Italy,combined_transition_physical,1.5,p30,1.0,shock_weighted_exposure_to_capital,target_loss_to_capital_ratio,360,0.9751446127413534,2.128346917554601e-236
Italy,disorderly_transition,0.75,p30,1.0,shock_weighted_exposure_to_capital,target_loss_to_capital_ratio,360,0.6406093641819525,5.607423894344098e-43
Italy,disorderly_transition,1.0,p30,1.0,shock_weighted_exposure_to_capital,target_loss_to_capital_ratio,360,0.7333093915754351,5.923514829312214e-62
Italy,disorderly_transition,1.25,p30,1.0,shock_weighted_exposure_to_capital,target_loss_to_capital_ratio,360,0.8247455772201446,1.2016383797970779e-90
Italy,disorderly_transition,1.5,p30,1.0,shock_weighted_exposure_to_capital,target_loss_to_capital_ratio,360,0.8840864824115485,2.5171819642995984e-120
Italy,orderly_transition,0.75,p30,1.0,shock_weighted_exposure_to_capital,target_loss_to_capital_ratio,360,0.4104350228826538,4.624431498583316e-16
Italy,orderly_transition,1.0,p30,1.0,shock_weighted_exposure_to_capital,target_loss_to_capital_ratio,360,0.5130346635241826,1.4666757849552835e-25
Italy,orderly_transition,1.25,p30,1.0,shock_weighted_exposure_to_capital,target_loss_to_capital_ratio,360,0.5915470071998947,2.3475284736253468e-35
Italy,orderly_transition,1.5,p30,1.0,shock_weighted_exposure_to_capital,target_loss_to_capital_ratio,360,0.6529898628177909,3.979163707330251e-45
Italy,severe_disorderly_transition,0.75,p30,1.0,shock_weighted_exposure_to_capital,target_loss_to_capital_ratio,360,0.7761440523635984,1.0837814268519506e-73
Italy,severe_disorderly_transition,1.0,p30,1.0,shock_weighted_exposure_to_capital,target_loss_to_capital_ratio,360,0.8794241518983031,1.888783483166299e-117
Italy,severe_disorderly_transition,1.25,p30,1.0,shock_weighted_exposure_to_capital,target_loss_to_capital_ratio,360,0.9332888371052244,2.7111361104560755e-161
Italy,severe_disorderly_transition,1.5,p30,1.0,shock_weighted_exposure_to_capital,target_loss_to_capital_ratio,360,0.9564729151716704,1.4311754500029184e-193
Spain,acute_physical_risk,0.75,p30,1.0,shock_weighted_exposure_to_capital,target_loss_to_capital_ratio,360,0.5907019974998313,3.0945460142442685e-35
Spain,acute_physical_risk,1.0,p30,1.0,shock_weighted_exposure_to_capital,target_loss_to_capital_ratio,360,0.7264240248923335,2.810498187123524e-60
Spain,acute_physical_risk,1.25,p30,1.0,shock_weighted_exposure_to_capital,target_loss_to_capital_ratio,360,0.791795204181102,1.1852941702432248e-78
Spain,acute_physical_risk,1.5,p30,1.0,shock_weighted_exposure_to_capital,target_loss_to_capital_ratio,360,0.8327932057088918,5.799477890600749e-94
Spain,combined_transition_physical,0.75,p30,1.0,shock_weighted_exposure_to_capital,target_loss_to_capital_ratio,360,0.8114515294261243,1.5933497717690926e-85
Spain,combined_transition_physical,1.0,p30,1.0,shock_weighted_exposure_to_capital,target_loss_to_capital_ratio,360,0.9253006067433648,8.076186677654485e-153
Spain,combined_transition_physical,1.25,p30,1.0,shock_weighted_exposure_to_capital,target_loss_to_capital_ratio,360,0.9698536768545024,1.3321151599998656e-221
Spain,combined_transition_physical,1.5,p30,1.0,shock_weighted_exposure_to_capital,target_loss_to_capital_ratio,360,0.9832097469887886,1.4003662595702098e-266
Spain,disorderly_transition,0.75,p30,1.0,shock_weighted_exposure_to_capital,target_loss_to_capital_ratio,360,0.6406093641819525,5.607423894344098e-43
Spain,disorderly_transition,1.0,p30,1.0,shock_weighted_exposure_to_capital,target_loss_to_capital_ratio,360,0.7333093915754351,5.923514829312214e-62
Spain,disorderly_transition,1.25,p30,1.0,shock_weighted_exposure_to_capital,target_loss_to_capital_ratio,360,0.8247455772201446,1.2016383797970779e-90
Spain,disorderly_transition,1.5,p30,1.0,shock_weighted_exposure_to_capital,target_loss_to_capital_ratio,360,0.8840864824115485,2.5171819642995984e-120
Spain,orderly_transition,0.75,p30,1.0,shock_weighted_exposure_to_capital,target_loss_to_capital_ratio,360,0.4104350228826538,4.624431498583316e-16
Spain,orderly_transition,1.0,p30,1.0,shock_weighted_exposure_to_capital,target_loss_to_capital_ratio,360,0.5130346635241826,1.4666757849552835e-25
Spain,orderly_transition,1.25,p30,1.0,shock_weighted_exposure_to_capital,target_loss_to_capital_ratio,360,0.5915470071998947,2.3475284736253468e-35
Spain,orderly_transition,1.5,p30,1.0,shock_weighted_exposure_to_capital,target_loss_to_capital_ratio,360,0.6529898628177909,3.979163707330251e-45
Spain,severe_disorderly_transition,0.75,p30,1.0,shock_weighted_exposure_to_capital,target_loss_to_capital_ratio,360,0.7761440523635984,1.0837814268519506e-73
Spain,severe_disorderly_transition,1.0,p30,1.0,shock_weighted_exposure_to_capital,target_loss_to_capital_ratio,360,0.8794241518983031,1.888783483166299e-117
Spain,severe_disorderly_transition,1.25,p30,1.0,shock_weighted_exposure_to_capital,target_loss_to_capital_ratio,360,0.9332888371052244,2.7111361104560755e-161
Spain,severe_disorderly_transition,1.5,p30,1.0,shock_weighted_exposure_to_capital,target_loss_to_capital_ratio,360,0.9564729151716704,1.4311754500029184e-193
Ukraine,acute_physical_risk,0.75,p30,1.0,shock_weighted_exposure_to_capital,target_loss_to_capital_ratio,360,0.4761489589809895,9.024676649861926e-22
Ukraine,acute_physical_risk,1.0,p30,1.0,shock_weighted_exposure_to_capital,target_loss_to_capital_ratio,360,0.6061397488567738,1.7439381444064912e-37
Ukraine,acute_physical_risk,1.25,p30,1.0,shock_weighted_exposure_to_capital,target_loss_to_capital_ratio,360,0.7052611456146247,1.972414616402404e-55
Ukraine,acute_physical_risk,1.5,p30,1.0,shock_weighted_exposure_to_capital,target_loss_to_capital_ratio,360,0.7829203929042662,8.662525445770893e-76
Ukraine,combined_transition_physical,0.75,p30,1.0,shock_weighted_exposure_to_capital,target_loss_to_capital_ratio,360,0.7995565037510918,2.8336932536034496e-81
Ukraine,combined_transition_physical,1.0,p30,1.0,shock_weighted_exposure_to_capital,target_loss_to_capital_ratio,360,0.9201943430633468,6.972910786167966e-148
Ukraine,combined_transition_physical,1.25,p30,1.0,shock_weighted_exposure_to_capital,target_loss_to_capital_ratio,360,0.968629387572435,1.4839672170808165e-218
Ukraine,combined_transition_physical,1.5,p30,1.0,shock_weighted_exposure_to_capital,target_loss_to_capital_ratio,360,0.9832676178056928,7.587181668691534e-267
Ukraine,disorderly_transition,0.75,p30,1.0,shock_weighted_exposure_to_capital,target_loss_to_capital_ratio,360,0.6406093641819525,5.607423894344098e-43
Ukraine,disorderly_transition,1.0,p30,1.0,shock_weighted_exposure_to_capital,target_loss_to_capital_ratio,360,0.7333093915754351,5.923514829312214e-62
Ukraine,disorderly_transition,1.25,p30,1.0,shock_weighted_exposure_to_capital,target_loss_to_capital_ratio,360,0.8247455772201446,1.2016383797970779e-90
Ukraine,disorderly_transition,1.5,p30,1.0,shock_weighted_exposure_to_capital,target_loss_to_capital_ratio,360,0.8840864824115485,2.5171819642995984e-120
Ukraine,orderly_transition,0.75,p30,1.0,shock_weighted_exposure_to_capital,target_loss_to_capital_ratio,360,0.4104350228826538,4.624431498583316e-16
Ukraine,orderly_transition,1.0,p30,1.0,shock_weighted_exposure_to_capital,target_loss_to_capital_ratio,360,0.5130346635241826,1.4666757849552835e-25
Ukraine,orderly_transition,1.25,p30,1.0,shock_weighted_exposure_to_capital,target_loss_to_capital_ratio,360,0.5915470071998947,2.3475284736253468e-35
Ukraine,orderly_transition,1.5,p30,1.0,shock_weighted_exposure_to_capital,target_loss_to_capital_ratio,360,0.6529898628177909,3.979163707330251e-45
Ukraine,severe_disorderly_transition,0.75,p30,1.0,shock_weighted_exposure_to_capital,target_loss_to_capital_ratio,360,0.7761440523635984,1.0837814268519506e-73
Ukraine,severe_disorderly_transition,1.0,p30,1.0,shock_weighted_exposure_to_capital,target_loss_to_capital_ratio,360,0.8794241518983031,1.888783483166299e-117
Ukraine,severe_disorderly_transition,1.25,p30,1.0,shock_weighted_exposure_to_capital,target_loss_to_capital_ratio,360,0.9332888371052244,2.7111361104560755e-161
Ukraine,severe_disorderly_transition,1.5,p30,1.0,shock_weighted_exposure_to_capital,target_loss_to_capital_ratio,360,0.9564729151716704,1.4311754500029184e-193
United States of America,acute_physical_risk,0.75,p30,1.0,shock_weighted_exposure_to_capital,target_loss_to_capital_ratio,360,0.308856493271362,2.140683807836504e-09
United States of America,acute_physical_risk,1.0,p30,1.0,shock_weighted_exposure_to_capital,target_loss_to_capital_ratio,360,0.48141326019939,2.769125416181381e-22
United States of America,acute_physical_risk,1.25,p30,1.0,shock_weighted_exposure_to_capital,target_loss_to_capital_ratio,360,0.5828771525919795,3.8468677337445498e-34
United States of America,acute_physical_risk,1.5,p30,1.0,shock_weighted_exposure_to_capital,target_loss_to_capital_ratio,360,0.6751900996508101,3.0405469544127658e-49
United States of America,combined_transition_physical,0.75,p30,1.0,shock_weighted_exposure_to_capital,target_loss_to_capital_ratio,360,0.7242465153400383,9.295390523731117e-60
United States of America,combined_transition_physical,1.0,p30,1.0,shock_weighted_exposure_to_capital,target_loss_to_capital_ratio,360,0.8628921302692767,3.8556023760769544e-108
United States of America,combined_transition_physical,1.25,p30,1.0,shock_weighted_exposure_to_capital,target_loss_to_capital_ratio,360,0.943306661316831,1.5171442045640028e-173
United States of America,combined_transition_physical,1.5,p30,1.0,shock_weighted_exposure_to_capital,target_loss_to_capital_ratio,360,0.9742263957798027,1.295323700972089e-233
United States of America,disorderly_transition,0.75,p30,1.0,shock_weighted_exposure_to_capital,target_loss_to_capital_ratio,360,0.6406093641819525,5.607423894344098e-43
United States of America,disorderly_transition,1.0,p30,1.0,shock_weighted_exposure_to_capital,target_loss_to_capital_ratio,360,0.7333093915754351,5.923514829312214e-62
United States of America,disorderly_transition,1.25,p30,1.0,shock_weighted_exposure_to_capital,target_loss_to_capital_ratio,360,0.8247455772201446,1.2016383797970779e-90
United States of America,disorderly_transition,1.5,p30,1.0,shock_weighted_exposure_to_capital,target_loss_to_capital_ratio,360,0.8840864824115485,2.5171819642995984e-120
United States of America,orderly_transition,0.75,p30,1.0,shock_weighted_exposure_to_capital,target_loss_to_capital_ratio,360,0.4104350228826538,4.624431498583316e-16
United States of America,orderly_transition,1.0,p30,1.0,shock_weighted_exposure_to_capital,target_loss_to_capital_ratio,360,0.5130346635241826,1.4666757849552835e-25
United States of America,orderly_transition,1.25,p30,1.0,shock_weighted_exposure_to_capital,target_loss_to_capital_ratio,360,0.5915470071998947,2.3475284736253468e-35
United States of America,orderly_transition,1.5,p30,1.0,shock_weighted_exposure_to_capital,target_loss_to_capital_ratio,360,0.6529898628177909,3.979163707330251e-45
United States of America,severe_disorderly_transition,0.75,p30,1.0,shock_weighted_exposure_to_capital,target_loss_to_capital_ratio,360,0.7761440523635984,1.0837814268519506e-73
United States of America,severe_disorderly_transition,1.0,p30,1.0,shock_weighted_exposure_to_capital,target_loss_to_capital_ratio,360,0.8794241518983031,1.888783483166299e-117
United States of America,severe_disorderly_transition,1.25,p30,1.0,shock_weighted_exposure_to_capital,target_loss_to_capital_ratio,360,0.9332888371052244,2.7111361104560755e-161
United States of America,severe_disorderly_transition,1.5,p30,1.0,shock_weighted_exposure_to_capital,target_loss_to_capital_ratio,360,0.9564729151716704,1.4311754500029184e-193
